ID,Sequence
sequence_1,GGAUGAUAUAUUGUUUGUAUACAUGAUGAAUUUAGAAUUAUUCUCAUGAUUAAUGAUGCCUAUAUACUGAAUAUUAUAAAGAAUGAUUAUUGGUUUAAUAAAAUGGGCAAUAAUAUAAGAUCUAAAAAACAUGAGAAUUUAUACUUUGGAUAAAGUUAUUAUUUUUAUGAGUAAAGUUGAUGAAAUAUACUGUAUUUCUCUUAGUAUUCUAGUUCAAAAAAAAAGUAUAUAAUUGUUCUGUUUGUUGAUUAUAUAUGCUUAUAAAAAAUUUAAUAUUCUGAGUAAUUAAAAUAUUCUAUA
sequence_2,CAGAUAAACUAUUACAGAUUUAUUUUUAUUUCCACGAUAAUUUUAUAGGCAUUUAAAAAAAUUGUCGUCAAGUGAAUAUUAGUACAAUAAUUUGCUUACGUAAAAUUUAAAGUUCUUAAUAUUUAUAAUAAAUGUUUAAGUUAUUCUAAUUCUAUGAUAUAAUAUAUAUAUGUUAGCAACUUACAUAGUUAAAUUGGACGUUAUGUUUAACACUUAUUACUGGAUAAUAGGGUUUUACAAAUAAUAAAUAUAUUCAUCAACUACGAUUUUUCUUUCUUUUAAAAAUUUUAUAGAAACAAU
sequence_3,UAAUAUGAACCAAUAUCUAAAAAUCAAAAAAAACAGUAGAAAGUGACUUCAUUACACCAUAAAAUGGUACUAAUCUAAAAAAUAAUUUUAAAAUUAAUAUUUUACUUUCGAUCAGAAACAUUACAAUAAAUAUAAUUUCUAAAAGGUAUUGUGAUAAUUUAAGGUGUCCUAUUUAACUAUCGUUCAGAAUUUCUAUAAUAAAAUAAUAAACCAAGUCAAUAAAGUUAAAAUAAAUAAUAUUUUAAGCUUGUAUUCAGUCCUCAUUAAAUAAUAUUGUUAUAAAAAGUUACAACAAUAAUC
sequence_4,CAAAAAUUAAUUACUAUGAAAUGAUAAUAAUUUACUAUUCAUGUUUCAUAACACUAGUUUAUAAAUUAAGGUUUUAAUUCACAAAAGUAUAUAUACAAAAAUAGAUAAAAUAAUAAAGCUUUAUACUUUGAGCUUCGUCUUAAUAGUACUUAAGACUUAUAACUAAUAAAUUCGUGAGACUUCAAUCUGUAGAUUGUUGAUAUCAAGUUUAUAUUUAAAUUUAAUCUCUGUUUUUAUUAUAUUAAAUAAUUUAAACUCGUAUUUCUAUGUUAUGACAAUUAAUCUAAUAUAAGUCGUUUC
sequence_5,UAAAUUAAGGAUAUUUUCUAAAUUUUUGACAUUGGCUUGAUGAUAAAAAAAUAUUGUAAUAGAUUAAAUGGAUAUCAUUAACAAUAUUCUAGAUAUGUUUCAUAAAUUUUGAAAGUUUUAAGUGUAAAUAAUAAUAAAAUAGAUCCAAAAUGCAGAAUAGAAAUUUUAAUUUUAGAUACUUCUUUUAAACAUAUUAUAUAAUAUAUAUAUAAAAGGUAAGCAUUUUAUUGGCUAUUAAAAUCGAGUAAUUUUAUGCUAAGAGUUACGUAUUAACAAAUAUGUCACACAAUAUCACAGUCU
sequence_6,AAAUUUGAUUUAAUAAGAAUAUGUCUAUAUUAUAUAAUUUAAUUAAUAUAAGCUAUGUUAUAAUUGCUACAGUGUUAAAGCACGGAGUUAAGCAAAAAACGAAAAAUUAUAAACAAAGGAAUAAGUAACAAGUUAAUACUUCUAGAUUCCUAACUCUAACUUUUUAAAUAUGCUCUAAAUUUCUCUUGAAACUAUAAUUAUCGAUUUUUUAUUAUAAGUAAUUCAUAUUUCAUUAAGUUGGAUAUUAUUGUAUUUACUUAUUGACAUAUAUUAAAAAGUUUCAAUUUUUAAGCCAUAAUU
sequence_7,UUAAUUCAAAAUCUAUCUUAUUGAAAUCAUUGACAGUAUUGGAGCUUUUUGUUGCAGAUAAGAAUUAUUAGAAUGUUAUUCAUUUUUAUAUAUGUUAAUUUAUCUCUAAAUUUUAAUAAAAAAUCAUCAAUGCAUAUUAUUCCAUUAUAAUGGGUAUAACAAUAUUAAUUUAUAUAUAAAUUAAAUUUUUAGUUUAAGUGGAUUAAAAUCUUAAUGUAUAAAAACAAUAAGAUACGUUAAACUAAUUCCUGUUCUAAUAUUAAUACGAGUUAUGUAUUGCGUAAUUCAAACUUUGUUGGU
sequence_8,UAGGUAACAAUUUUUGGUAUCAAAGAAAAAAAGAGUUUUGGUUUAUUUUAUUUUUUUUAAAUAAUUAAGUAUUAAUAUUCUGAACGUUGUAAUUAAUUCAAUAAUAAUGUUAAGUAUCAAAUGGUGACAAUUACAAUAUACAAACCAUAACCUUUUCUUUUAAAGGUUUAAAUAAUUAUAAAUUGAAUAUUAAUUAUAGUAAUAAGAUUUUAAAACUCAUUGCUUGAAUCUUAUAUUCUUAUUAAAUUUCUUUAGCCUAGAAUUAAUUUAUGAGCAAAGUUUUACAAAGUAUGCCCGUAA
sequence_9,UUAUUAUUCUAAAUAAAUCCAGAAGACAGUUGUAUCCAUGCUUAAGUUAAUUACAUUGAAAAAAAGACAUAAUUAGAACGAGUUAAAAUAUUUUAUUUCAAAUAAAAGCUCUUCUGAUACAUAUAAAUAAUUUGUCUUCUGUAAUAUAGUACGUAUUGAUCUUGUAAGUUUAUUUAUAAUGGUAUUAUCAAAAAAAAUAAUUCCAUAUACAAGAAAAUUAUAUAAAAUAGUUUUCCUUUUAAUUGUUUAUAUUAUUUUUGCAACAUUAAACCGUACAAAAUUAUGCUUUAAAGAUAUUUU
sequence_10,AAUAAUCAAUUUAAUAAUAAAUUUCAUAUCUAUAACUGGAUCUCAUUCAAUUUUAUUCAUUACCUUCGGCAAUAUAAAUAGUUUGGGUAGGAUUAAUAAUUAACUUUUUUAUAAUAUUGAAUACUACUUAAUAUAGGAUUUUUAUGUCCGAAGAAUAGUUAUAAGUAAUUUUGUCAAUAUGAUAUUUCAUUAAUGAAUCCAUUCUUAUUAUUUAAAUCAUUUAUAAUGUUAUAGAUAUAACCUUAAAAUUUUAAGAUUAAAUUUUAAGAAAUCGUAUAGAGUCCUGUACUAUAUCAGUUU
sequence_11,AUGAUCUUUGACAAAAUCCCCUUAAUAAUAUUAAUUGUAAUUAGAUAUAUAGUUUUUUUAAGAGUUAAAUUUGCUGUAUGAACUCAUAAAACUUCCAAGGUUUAAUAUAGAUGGCUAUGAAGUAGAAAAAAUAAGUAUCCACUAACAAUUGACAAGCAUAAUUAUAUUAGAAGAGCAUAUAAGUAUAUAAAAUUUUUAUUUCGAAUAAUGUAUUAUAUGAUUACUUCUUAAUUUAAAUUGAAUAUUAUACUUUGAAUAAAAUAAUUUUAUUUAUGUUAUUAAUGAAUCAAGAUCACAAUA
sequence_12,UUGACGAGUUAAACAAGGAAAGCUAAAUUUUCAUAACUCAUACAAAAAAUUUUUAUUUAUAAAAAGGACAAAUUAUAAUUAAUAUUGGUAUAGUCAUAUAUAUAUACUUAUAUUUUAUAAGAAAAUUAAGAUCUAUAUUUUUAGCAAGUUAAACACUGUUAUAUAAUAUUCUAGAGUACUUAAAAGACCUAACCAAAAAAUUAUUCGAAAAAAAAAGUAUAUAUUUUUUAUUUAAUAUAAAAUUUCUGUAGGUUAGAUUAGGCUUAUUCAAAAAGGAGGAUUUUAACAAUCGACUCUUUU
sequence_13,AAAAGCAAAUUGUUGUUAAUCUAUAGGAAUGAUGAAUUUAUCUUAAUUUAUACAAUAUAUACAACAUAAGUAUACAAGUCCGAUGUUCUAUAUACUUUUUCAUAAAGAAUUCUGUAAAUUAUAGUAGUAUAUCAAUAUAAAAAUUGAAAUCGAAAAAGAAAUAGGCACUUAACUUAAUUAAUAUAAUGUGAAAAAUUGAUUUUUACUAGUUAAGGUAGCAUUGGAAAGAUAAUUUAUAUAUCAUAAUAUAAUAAAGAAUUAACGGAACAUUUAAUUAUAAAUAUGGCAAAGAUUAUUAUU
sequence_14,UGUUACCUAUAAAUCAGCAGUAUUCAACUUUAAUUAUGAAGUAUAUACACGUUCUCGUAUAAUUUUUUGUUUGAUGAAUUUAUAAAGAAAUUUAUCUAAAUUAUUUAUAACGUACUAAAUAAAAUAUUAAAGUAGAGAUUGCGUCUUGGUAAAAAAUAUUCACACUAAACAUCUGUAUUAAAUCGUCUACAAAUUAUUAAAUUUAUAAUGAUUGUUAUCAAAUCAUAUUUAAAAACUUGCUAUUUUUAAUAAUUUGUUUAUACUAUUUCUUGAUAUUAUUUGUGGAAUAAAGCAUAAUUU
sequence_15,AAUAUUUUGUCUGAUAACUUAAAAUACAUAAUUAAAGUAUAACUAAAAUUAGUCUUAGUUAGAUUAAAUAAUAUGCUAGAUGUUUAUUUUCAAUAUUAUUUGUAUACAUAAUUUUAAAUAAUUAUGUUUAAGAAAACUACGUUUAGAAUGAUAAAGAAAAAAUAUAUAAUACAAUAGGCAUUAUAAGUAGUCUUAAUAUUCGUUUCGAUAAGAUUAAUUCCAGCAUAAAUUAGAUGUUGAUUUUCAUAAUAAUACAGCCCAUGCGUUCUUCGCCAAUUUACUUUUAAAUUAAAUUAAAAU
sequence_16,CUUUAUGUUAUUUAAUAGAUGAAAGUUUUUACACAGUGUAUCAAGUCUAUUAAAUUGUAUAUAACACAUAAUAAAUUAUUGAAUUAAGGUAUUGUUAACAGUAAAUAUAUUUUUGUUUUUUUUAGAAACGUAUAACACUCGGCAAGUUCAAGAAAUUCUGAUCAUUAAAGGAGUAAUCAACUAAUUAAAAUAUAUUUACAAUUGCUUAAUAUAAAUAAUAUACGUAUAUAAGAUCUGACUCAUGUAAAUGAUUAGUUAAUUAAAAAUAGAUGUUAAUUAUAUGGUUAUAUUAACUAAAAA
sequence_17,AAUAUUGAUAAUUAUUAGAAGUAUUAUUUUCAAUAAACCUAUAUUUUUCACAAAUAAUAUUCGGCAGAUAUUCUUAUAUAACUUGCGGGAAAACUACUUUCUAAAUUAUUAAAGUGUCCUUAAAGUAAUCUAUAUAUACAUGUUUUGUACGACAAUAUUAGUUGUUCAGAGUUUAAUAAUUUUUAAAUUAUAGUAAAAUUUUAACUUGGAGAUUAUUAUAAAAUACACUUUAUUAAUAAAUAAAUUUAAUAAGGAUAUUUUGGAAUCAAUCAUAUACAUUUACUUACGGACUUAAGUUUU
sequence_18,AUUUUAAUUAAUGUUCUAUAUUAAAUAUUACUGAUUAAAUCAUUACUCUAUUUAUCAUAAAGAUAUUAGAUUUGACAAAUUCAGCGAAUAUCUUAGAAAAUUAAAGUUUAAUUAAUAUUAAGUUCAUCCAAUUGUUAUGAACUUUAGGCGAUAUCGGAUAUUCAUAAGCGAGUAUAAGUGAUUUCGUGAAAUGUAAAAGAGUUUAAAAACUUAAUUCUAAGAUUAUGUUUUUGUUAGGGGAUAUAAUGUUAUAUUUAAUUGAAAAUAAUUUAUUUAAUCUAAAAUAAAAUAAUCUUACAU
sequence_19,AUCCACUAUAUUCCUUUUACAUAAUUUAAUCCGUUCCCAGUAGAAUAAGGUAAUUCACCUUAAAUAAAAUUUUUAUCUAAUUAUUUAAAAUAUAAAUAUUCUACGUUGAUUUUUUUUAAUUAGGAAAUGCAACUAAAUAUAAUUAAAUUAAAAACAAUUAAAUUUAUUUUUUCGUUUUUUGUAAUUAUUUUCUAGUUAUCCUUACUAUCGUUUUGAGAUAUUUUAUAUAAAGUUAAUUGGAGCGAGUUAAUCUUAAUUUUACAUUAUAGCUGUUAGUAAUAAAUUUAUCAGAAGCACAUA
sequence_20,UUUAUUUAAGUAUAUUAUUUAUACAAAAAAUGAGAAUAUUAAAUAUAACUUACAUAUAUGUCUUAUUAAUAACAUAAAUAAUUGCGAUUUACAAAAGUAGGAAUGACGUGAAUGUAUUUACUCCAACAAUCCUAAACAUAUAAAUCAUUAAAUUGUUAAAUUCAUUUAUAUAAACUAAAUAUCUUAUUAUUAUAAUUUAUUUUCACUGAAACAAAACAAUUUAUUCUUACGUGCAGAAAUUAAUGAAUAAUUUAGUAGUUUAUAAAGUUUCGCUAGCAUGACUUGACAUGAUAUGCAUAA
sequence_21,AUUCAAUUAUUUUAACCUGGUCGUCUAAUUUCAUAAAAAUCAACUUAAGUUUGUAAAUACUUAUACUUCUAAAUUGAUAUUUUUCAGAAUGCAAAGAUUAGUAUAUGUAUUUUAAUAUCUAUAUCUUUAUUUUAUUUAUUAGUAAUUUUAUUUGAUAUUAAAAUGUUAUCAAAAAAGUUUUUUUAUUUGAUAGAAUUUGUUCUUUCAAAUAUACAGAUUCUUCCUUUGUAUCGAUGUGCAAUAUAAAGGUAAUAUUUAUCUUUGCAGUAAAAAUCCAGAUUAUUUUUAGUUGAUAGCUUA
sequence_22,UAUUGUAUAUGCAAAUCUUUUUAUUUAUAAUAACUUUUUGUCAUAAAAAAAAAAUAAUCUUACUAUCUUUAUUAACUAUUUUUAGAUAAAACUCAUAUUAAUCCAGAGUUCUAGAAAAGACGUAAUUUAGGAAUUGUCUUCAUUGCAUAUUAUUAAUGUAGAAUAUUUGAUUAACAAGGGCUAAUUUUAAUUUCAUCAUUGUUCUGUUUAAAUAAGAAAAGAUAGUUUUGUAAUUAUCAUAUUUUUAAUUCAAUAAAAUAUAUAAUUUGGGACAUAAGUUUAAUUUGCUUUUAGAUCUGC
sequence_23,UUACCAGAAUAAUUUAUGUCUUCUUUAUAUGAUUAAUCAUCUAUUAACAAAUCUAUAAAUACAAAGUAAAUAAAAUAAUUAAAUUAUAGCAACUAAAAUAUUAUAAUUGUAAUGUACUUUAAUAUAUGUCAAAUUAAUCUAAAUUGAAUAAUGGAAGUAUAAGACUAUGGUAUGCCAAAAUAGAUAUAAAAGUUUCACUAAGAAAACACAUUAUAAUUGAUUGUUUAAAUUUGGUGAUAUAUUUUAAAUUUACAUUCGAUCCUGAGUAUUGAUUUAUCCUAUGAAAGUAUCUCUUAAACU
sequence_24,CAUGUUUUUAUUAUACUUCGCGUAUUAUAUUACCAAUAAUAGCGUAGGUUUCAUAUUAACGCUGAAAAAAAAAUUGAAAUAGUAAAAAAGGUAUUUAAUUUCAAAAAAAUUAUUAUCAAUUUGAAUAUAUUUCAUCAUAGUAUUUUGAAUAACACUCAUCUUCAUUAGUUAUAUUUAUUGUUUUUUCUUAUAAAAAGAUAUAAGAGAAAAAAAUAUUUUCAUGUAAUAAAUAUAAUUUCAUUUAAUGGACAUAUUCGGCAAUUUUAAAGUAACUAUAUUCAUUUGCUUAGUGUAUUUAGG
sequence_25,UUUUAUUCAACUGAGUGAUACAAGGUUAUAUUCUUUUCUAUAAAUCAAAAUUAGGUUUUAAUUACAUUGAGUAAAAUAUGAGAUCACAUCACAGCUGAUUUUCUGUGUUAUAAUAGUUUUUUUUAUAAGAAUUAGUUCCUUAUACUGUUCUUUUCCUUUGAAAAUUUUAUGAAUGUAUUAAAUCAAUUUUUAUCAAUGUUAAUUAUUCAUAUAGUUUUAUAUACAAAUUGUAGAUAAUAUUAUAUUUUGUUAGACUUACAAACUACCUUAUUUAUAAUGAUAAUUGAGUAUAUUCUUUAA
sequence_26,AUUGAUUUUAUAAAUAUGAUGUAUAUGUUUAAGUAUUAGCUUAUGUAUUAGCAUUUUAUUUGAUUUUAUUCAGUAUUUAAUUAAUAAUAAAUAUACAAUAAUUAUUAGGGAUAUUAUUAGUUUCACUCCCACAAUAUAAAACUUUGAUAUUAUUUAUCUGUCCUAGAUUUUUAAAUAGAUAGUCUUUCUAAUUUAUUACCAUUAGAAGUCAUAUCUAUGUUUGAAAAUUAUACGAACGUUGAUAUAUUUAAUGGAUUUAAAGAACUAAAAUUAACACAGCCUAAUAGUAAGAUAAUGUAU
sequence_27,UGCGCUUAAAUAAUUAUAUAAUUAAUCAGCAUUUUAUUUUAAUGUUCAUACGUCUCCUCUUGAAAUACUAAACAUAUAAUAAAUAUUAUUUACCUAAGUUAUUCGUAGUUUUCAACAGAUAUUACAAAUCGUAAGUUUUUUAAGUUGUAAUUAAAAUAAUGAUUAUAAAAUAGGUAUAUGCCGUGAGUAUUUUAAAUUGAUUUAUAUAUAGUACAGAAAGCUUAAGAUAUUAAUACAUUAACAAAAAAGUAGAAAAUUAAAGCAUUGUUUUAAUUAAAUUCCAAAUUCUUAAUCUAAAAU
sequence_28,CAGCUAAAUAAUUUAAAGUUAACUGUUGUAACGAUAAAAUAAAAAAUAUUAUUAAAUCGGUUUAAUUAAAUUUUUAUGAUUGUUAUUGCGUAUUAACGUUAUGUCUAACCUAAUUUUAAAUAAAGAAGUAUUUAAAAUUCAUUCUUGUUAGAAAUUAGGUGGCACAGACUUAUUCGUAUCGAGAAAAAAAAUUUUUACUUUAUAACUUUUCAGUAUGUAUAAAAACUGUACUAAAGAUGUCAAAUGGGAUAAAUUAAAUAAAUAUCUUAAUUAUUAUUUAUUUGAAGAAAUUCAAUAAUU
sequence_29,CCUGAUAAAUUUAAAUGAUUGACGUGUAAUUCAUAAUAAUUUUUUACAUAUACUAAGUUUAGCUCUAAAUAAUUUCAAAAUAUGAGUCUAUGAAGCAUCUUAUGAUAAGUUUUUUUUGCAAGUAAAGUCAAUUUAAUAUAAAACAUUUUCAUUUAUAUUAAACCAAUAUGUUCCUUAUAAUAUCAAGGAAAACUGGUUAUAGAAUAUUAUUAAAUUAAUUUUUAAAAGAAAUUCCAAUUUUAUAGGUGUAAAAACCCUUCAACAUUUUAAAAUAAUCGACAUGUUUAUUUUUGAUAAUAA
sequence_30,UAAACAUAGAUACUUAUUUUUAAAUAUUCUAUCAUCCCAUAAUUUAUUAAUACUUAUACUUCAAUAAGACUAUAAAUCAUAUAGUAUAAUCCAAGUGAUUAAAAAAUUAACACUUAAAGAGUAUAAUUAUAGUUAGGUUAUUUCUUUAUAAAUUUGGGUUAUAUUAUCAAACUAUAAAUGUUAAAAAUUGAAAUGUUAAUUUCCUUUGCCUAUAUUAAUGCUAACAUCUUAAAAGAAGGUAAUUACUUCGAAUAUAUAAUAAAGAAUUGUAUCGGUCAAAUGUGAAUAUUAAUAAUUGAG
sequence_31,CAAACAUAUUAAAUGUAUUAUAAUGGCAAAAUAAUUGUUUAAUUUAAAGUAUUUAAAAACAAUAUAAUAUUAAUAUUAAUAAGCGUUGUGUAAAUUUAAUAAUCUAAGAUGGAAUAAAAUAAUAGGUCCGGCAAAUAUAAGAUGUUCUUAACUGUUUAAAGUUAAUUAAAUACAUUAGAUAAUAGAUUAGUAUCUAUCAGGAUAUCUAUAAUCAAUUAUAAAGGCUUCAUUAUUGCUGAAUAUUUGUAAUUCACAAGAUGAUUUUCUUAACAUAUAUCUAUUAAAACAUUACCCAAAAAA
sequence_32,AAAAAAACGAUUACAUAAGUCGAUUUUAUAUUAUUCUUAAACUAGUAAACUAUACAUAAUAUUCAGUUUUAGUUAUGUUACGACUUUUUGUCUGAUAAUAUAUAUAACAUCAUGACAUUAUUUUUGUGAUAUAACGAUGUUAUUGAGUUCUGUUUUUGUGUGUAGUUAGUUUUUCCUUUAAAUAUCGUUAUACAUACUACCAAUAAUUUUGUAUCAAAUUAUCUAUUUGAAUUUUAAUAUAUAGUUUUAGUAAAACGAAUUUCUUAUAGUUUUACUAUUUAGUAAUAUAUCUAAUUAAUU
sequence_33,UUCUGUAAGAAUAAUUUUUGUUUAACUAAAAGUUUUAAGGGUAUGUAUUUACAUAUUGUUAGCAAAUUAAUAAGGGAAACAGAUCAAAUAAUAAAUGCUAUGUUUUCAAUCCAAAAGCACAGAAACAAUGUUACCUAUUUAUAGUUAAUGAAAUUAAAUAUCAAAUGUUUAGUUGAAAAUGACUGUUUGUUUUAAUAGUAUUGACAAUAAAAUAUCAUAAAAAUAUUACAUCUAAUUCAUAUUCUAAUUAAAUUAAUAUAAAAAGAAUUAAGUUAGACGAAUCAGAGUUUAUAAAUAAUA
sequence_34,AAUAUGAAAAACAUAGUAUGUCUGAGAAGGUCUUAAUAACUUUAACCAUAUUAAUCUUCAAUAUAAUCUUCGAUUCUAUUUAAUUCCUCUUAAGAUAUAUAAGUUUCAAGUAAGACGACUGCUAUGCACUGGGUUAUAUCAUAAUACUAUUAUUAUUCUAUAUUUGUUGAAAGAUAUAUUAUAGUAUGUUUUAUGAAAAGUUAGUUUACUUAAUAUAACAUUAAAUUCUUUAAUUUAUCAAUAUAUUAUUAUUAAUUAAAUUAUAUUGUUUAACGAAUUUUAUAACUAAGAUUGAUAGUA
sequence_35,ACAUAACAUAGUCUAGUCCAAACAUUGCAUAAUGAUUUUUUGCUUAUUUAGCAUAACGAAUUAAAAGCAGUUAUAUAAUAAAAAAAAAAAAUGUAAUCUAUAUAAAAUAAAUGGUGUAACUGAAAUUAACAAUAUGACUGAAAUUUUGUUUAGUUAAAGCUUUGCUAUUGUAAGAACUAUGAAAUAAUAACAAUUAAUGUCAUAAAAGAUAUAUGCUAGCUUACUUACUUGUUGAUUUUAUAAUAAUUGUGUUUGACUUAAUAAUGUAUAAUCUUAAAAUUAUAUUUAUACUUAAAAUAU
sequence_36,AUUCGUUGACUAUUUUUAUUGUAUUUGUACAUAUCCAUUGUAACAUAAGAAAUUAUUUACGUAUAUAUCUCAUGAACACUUUAAAAUUAAAUUUUUUUCAUCAUAUGAUAUUUAAUUUAUAAUGCCAUAAUUUUAUUAUUCAUCUAACUCUAGGACUCACUAUUACUAUAUUAUUUUUAUUUUAGUGAGAUUUAGAAUUCUUAUAUGAUUUAAUAGUAUUAAUUUCUUUAAUCCUAUAAUUUUCUUUUAAGCUUGACAAAUGCAUGGAAAAUCAGGUUUCUAAUUAUUUCACAAUUUUAA
sequence_37,GCUGUAUGUUAUUAUGUCAUACAUUAUCGUGAAUAAUAGAAUAGUAAUUAUUGAUCCGUUGAAUCAUUAAACAAAGAAUUAUUCUAAAUCACUAGGAGUAUCUUUUUUAGUCUUUUUAUCGUUGAAUAAUAUUUAGUUAACAAUGACAAAAAGUGCAUACUUAUCAUUUAAUAUAUUUUAAUAUUUUAUUUAAAAGUGAAUUUAAUAUAUAAUAGAGAUAUUUAAAAUUAAUUUCGAAUUCUUUAAAAUUAAGGUAGGUGAAUGUUUAAUUAUAACUUCUUUUUCUACACAUACUUAAAU
sequence_38,UGAAUACUACAAUAAGUUGUUAGAAGUGUGAUAUAUAUCGGUAAUAUUAAUAAAUUUUAACUAAAUAAUGAUGUAAUUAUAUAACAAAUAUAGAAACUUUAAUAGGUGAAGUUUCAAAGCCUUAGUCAUAAAUGGAUUAAUAUAUAUUUUUAAUAAUUAGCUUAAUGAAUUUCAAUAAUAACAUUAAUUAAAGGAGAAAAAGUUUUUUGAUUUUGAGGCUUGACCCUUUUAUUUUUACAAGCAAUAUUACUUUUUUUUUAUUAAUUCUUAUAAUAAGAACUCGGCAAUAUAAAUUAUCAU
sequence_39,CACUCUAUAAAGCUAGACAAUUGUUUAAUAAUAAAUUUUUAAUGGCUUAACUUUAAUACCACUCCAUAUCAACUCGAUAUAUUGAUGAAUUCAGUAGUACACUGUUUCAUAUAUUUUUGUUUUUAUUUUUAAUUAUUAUCUUAAAAAUUCAAUAAAUUUAUGAUAAUUAUUUUUGUAGUUCGAUUGAAAAUACGGUUGAUUAAAUGAUAAAAUAUCGAUAUCGAUAUAAUAAUCUAUUAAUAUAAAAAUAUAAUAAUUGUCCUUUAAUAAAUACUAUGAUCAAUAUGUAAGUUUCGAUAG
sequence_40,AACGAUUACAUGAAUUAUACAUAUAUAUUAUUCCAUAAGUAAUUAAACAUAGAGAUUUAUUUAAAUCAUAUCUAAGGAAAUUCAAUCCUUUAUAAUUAUUUAAUAUUUUUAGGUUCAGUCUUAUCAUAUCUUUUCAUUAUUUUCUAUAUGGUAUUCUGAUUUAAAUCUAGUUUAGAUCCGUUACUUUCAGUAAAUUAAAUAGAUCUAUUUUGAACUCAUUUCUUUAUAUAUGUCGUUAAUCUUGCUAUAAUAAGUUGGGUUUAGGUAUUAUUUUUUUUUUAUAUGUUUGAAAUAAUAUAA
sequence_41,AGAUUAGUCUAAUAAUAUUAUAGUAUGUCUCUCAUAUUCUUUAAAAGUAAACUGACAUAAAAAAUCUAACAUAUAAUAUUUUAUUACCGAUUCUAAAAUUAAUUUUAAAAAUAUCUGUUAAUAUUGUUAGAUCUAAUAUAUCAUUAAAAAAAAUAUUUAGCCUCUUUUAACAAAAUCGAUAUACGGUUUGAGUAUAUUUAAAGAACAUUUGUAACUAAGAAUUUAUGGUAGAGUAACAAAAUAAUCCACUAAAUUGUAUCAAAUAAUGAAAAUUAAGUAUAUCAUAGUGAACUAUCAACU
sequence_42,CAUGUUAUCAUAGAAUUUUCGAAAUUUUAUAUUAAUUUUACUACGUAUAUCUUAAUGUAAUUAUAGAUAUAAAGACCUCAAUUUAUACUAGAUAGUAAUUUCAAACCAUUAUAUAUCACUCUAGUUUAGAUAUGAUAAUACAAAAGUAAAUAUAUUAUGGUUAAUUUCCUUUUUCUUUAUGAUGGGUCGUUUAAGAAUUAAUUUAGAUAAUAUUUUUAAUUCUACUAAUUAUUCGAGAUAAGUUUCGUUUAAUAUAUUAUAAAUUAAUUUUUAUGACAUUAUCGGUUAGACCAAUAAUAC
sequence_43,AAUAAUGUCAUAUUAAUUUUACUUGUUUUUAUAUACAACAUAUUAUUUAAAAAGUUUUGAUUUGUAAGGUCUUAAAAUAUUUUAAAAACUAAACACAUAAAAUUACAUAGCAUUGAGUUAUGUAGAAACGUUAAUUGUAUACAUACAAUCAAUUAUUUACUAAAUAACUAGUAAAAAAUGAUGAGAUAUAAAUUUGUGUAUUUAUUUCAAAUAGUACACACUACGUGAUGAGAAAAGCUUACAUUAGAAUGUAAAAUGAGAUAAAAUAUAAAUAUUAUUUUUUAUCGCGGUUAAUAGAUC
sequence_44,UACGUACGAUUAGUAAUUAUAGCUUAAUUAUAAAUAUGUUUUAAUAAACCGUAUGCUAUAAUUUUAUUUUUGUGAUAAACAUAUCAAGUAAUCGAUUUUAUGUAUUCUCUUAUAAUUGAUCUCCUUUAGUGUAAUUUAUAUUUAAAUCUAAAUAUAAAAAUUUACUUUCUUCAUAUUCUAAAUUUUUUACUACAGUCCAAUAAGUGUCUAGAGAUUAUGAAGUUGACGCGAAACAUAAGUUCACAUUAUAGAAGCUUUUAAACUAUAAUAUAUAUUAUUUUAUAUUAACUAAUUUUUAAA
sequence_45,UUUGGGGUAAUGUUCACACUUUAAGAUAGUUAUAUAACAUGUGUUGAAUUUAUUAAUUAAUAUUUUUUUCGUAUUUAAUUGAAAAUAUAAUAAAUAGAGGAUAGACCUUAAUUAAUGAGACCUACGGAUCAAUCAAAAUAUGAUAUGCAUCUUUGUAUAUACGAUAAAUUUGUGUUCUAUUUGUGAUAAUUUAUAAUAAUUAUACUUAAAAAAUUAUAAAUUUUUUAUCAUUAAUUAGUAAAUACAUAGUUUAAGUUUUUACACUUCGAAUGACAUGUUACUUAUUAAACAAUUUUUACU
sequence_46,AUACUUACUUACGAAACUUUUAUGCUCUCAUUUAAUUUUAUUUUUAUAUUAUCACUUACUUGUAACUUUAUAACUUCACUUUUUGUUAAAUAAUAAAUUAAUCAUAUUCAUUUUAUUCGUAAUAAAGAAAGUAAAAAGUUACUACGAUAAUAUCGCAACUUAUAAUAGAAAUCUGGAAGUAGAUAUUUGACUUAACUUAUACAUAAUUUAUUAUAUAAUUAAUGUCAAAAUAAAUGCAUUCGGAUUUUUAACGGGAUUAAUAAAAUUUAUUAAACGAAAGAUCUUUUUUUUUCACAACUA
sequence_47,UUUAGAACUCGCAUGUAUUUUAUUUCAUUAUUUAUUAUACAGAUAUAACUGAAGCCCGUGCAUAAAAAUUUAAUAAUUUAGAAUUAUUAAUGAGUUAUUUACUAUUGAAUAAGUAAUAUAGUUAUAAGCUUUUAUAUCAUUUAAAUAAAAUAUAAUGAAUUUUUUCUAGCUUCGGAGUUAUUUAUUCAAUUCAGCAAAUAUAUGAUAAUUAAGCUAUGCCAAUAAAUUGUUAUUUAAAGCGUCGAAAAAGAAUUUUCAAUAGAAUAAUUUACAUUUUUAUGUUAUAUUAUUAAACUGUAC
sequence_48,AAUACAAUAUUCUACAAUUAAAUUAAACAAAACGAAUAUUAAUGUAUAACUACAAGAAUAAAAGUGCUUAUGUUUAAUAUUUCUAAUAUCAAAUAAAGAUAAAAAUGUUUUAAAGAUAAAAUGCUUAUUGUUUUUUUAGCUCUUCAGGAUAAUCAAAAACAUACAACUGAAUGGUGUAAACAAUAUUAAAAUCGAAAUAAUUUUUUAAUGUCCACAUACCUAUCGAUAAGGAUACGAUAACUAUAUAUCUUUAGAAAUCUUAAUUGUAAAGAUAAUGUUGAUUAUAAUAAUCUUUUUAUA
sequence_49,UUUAUUAACACAGAUGUAGAUUAAAAUUAUUUAUAUAAACCGUGUAAAUAAUUGGUAUUAUAAUAACUAAACAUUAUUUUCCCGAUAUAAUCUUUUCUUUUAUUUUUAUUAUAGAAAAAGCAUAAAGACCGUAAUAAAAAGUAUUUUUCAUUUAGAUUUUUAUCUCAUAAAAUUCUAAUUCUCUACAUAAUGACUUUAUGAUUUUGUAGCAGUAAUAAGAUAUUAUAUAGUUACGAAACAUAAAAGUUAAAUUUACGUUUAAGAGCAUCUAUGAAAUUGUAAACCUUAUGUCAAUAAAUA
sequence_50,ACUAUUGAAAAUUGGUUAAGAAUAUAAGCGAUAUUGGAUCUUAUAAUUCGUGAGAGAUUAAUACCUCUAGUUAGAAAAAUGAUAAAAAGUCUAUUUUAUUCUAUAAAGUUAUAUAUAUAAACAAAAUUAUCUCGAAUUAUACAAAAAUAUUUUAUCUUUAAAAUCUUUCUUCGUAUAAAAUUUAUAUUAGAUACGUAGUUGUAUUUAUAGGAUUCAAAUACAUAAAAAAUCUAAAAGUAGAUAAAUCGUUCUUAUGGUAAUUACUUUUUAACAUUAACUAUAUUUUAGUAUUUCCUUUUC
sequence_51,UAUUAAAUUUCUUUAUCGGCAUAUGUAAUCUUUUAGAUUACGAAAUAUUUUUUUGUUUACAUAAAGUAAAAUUACAUACUACUAAUUUCUAAGAUACAGUAGUAGUUUUAUAGAUAUCAUUUUUAAAUUUUUUAUUAGAUUAAUUUAAGAAAAUAUUCAUUGUAUACAUUUUAAUGAAUGAAUAAAGUAUUUGAAAACAUAUCCCUAAUAAUAUACUAAUUAAUAAUGUCCAUCGAUUGAUAUAAUGUCAGUUGAGUAGAUGUUUAAACUAAGCUUUUUUUUAUAUGUAUGUGCACAAAC
sequence_52,UCUACUUUUACAAAAAGAUUUAGAAAGUACUAGGAAUAAUAUAAAUCUUUAGAAUUAUCAAAUGCCAAAAGAUACUUGCAUUUAUCUUCUACCGAAUAUAAUUUAUUUAUAAUCUACACUGAUCAAAUUUUAAAGAAUAAAUAAAUCAAAAAAAUAUUAGUAACGUUAUAUUUAGCUUUUAUAGUUUUAUUUGAGAGUGUAAAGUUGAACUGUUUAAGAUUAAGGAAUAUAUUUUACAUAUGUUAGUUUAUCUUAAAAUCAAUUCAUUAUAAAUUUCAUUUGUAGUAAGUACUUUUUUUC
sequence_53,UAACUAUGAUGAUAAGAUUUAAAUUUUUACCUUCAAUUUAAUUAAACUGUAGUAGUUUGUGAAUUUGAUAAAUAAUUGUAACAUAUAAGGCAAUUGAUUCUAGAAAGUAGACUUUAACAAGAUUUUUCCGAUUAUAAGUAGAAUAAUUUAAGCAUGAUUCAUCAUAUUAUAUUGUGAUAAAUUAAGUAUAUAAGUAUUAGAGCAAAACGUUUCAAUAUAUAGAAUGUAAAUUUCUUUCCUUUAAAUUAAUAAUUAAACAAGUAAAGUUUAUUUAAAAAUAUAUUACCAGGAAAUAGAUUA
sequence_54,GUUUUUAAUUGACUGGUAUAGAUAUUAUUACAACAAUUACAUAAUUCUAAACAAUUAAACAAUUAACUAAUUGUUGAAAUCUGAAUCUUUACUUUUUAAUUCUAAAUAUUAAUAUAAAUCUUUACCUAUUUAUCAGAAAAUAUAUAAAUUAAUUAAAAAUAUGAAUCUCGUUACUAUAAUAUUAAAGGUUAUAUUUUCCGUAUUCAAAUUUAAUCAUAAUAUGAUAUUGUACCAUUUAACACGUUAUAAAAGUACCUCCAGUUUUUAUUUAUCGUCGACCAGCCUCAUUUAUAUUUUAUA
sequence_55,AAUCAUAUUAUUCUUGAUACGAAAUGUUAGUAGAAAAUUUAUUUACAACAACUCCCAAUGUUGCAAAUAAUUAUAAAUUAUCUAGCUUUGAAUAAAGUAUAAAUCCAUGUAUUAUUUGUUAAUAUUUGAAUUAAAGUACAGGUUGUUAUAAAUGAACAUCAAAUUGGAUUCAUUUUUGUUAUAAUAAAAUUGGUAUCUAAAAAGUUAUAAACUAAGAAUUUAAAUAUUUAUACGUAUAUAUUUAAAAAUUUUAGGAAAGACUUUACGAAAGAUAAAAAUUGACCUGAUAUAAUGCUUUAA
sequence_56,CCAGUUUGUGUAAAUUUCAUGUAUAUAAAACUAAUAAAUUCUUUUCAUUAAUAAAAAAUAAGCCAUCGUUAGAUUAAAAUAUAUAAGUUCAAAUAAUAUUUAACCAGUUCAGUAAUUCUUUAUUUUGAAUUAUCAUUAUUCAUUUAUUACGUAAGUUAAACUAUGUAAAUUCUGAUUGUGAACUUAACUAUUUGUGUGAGAACGGGACAGAUUUUGUAUAUUUUCAUAGGAUAAAAUAAAAAUAAAUUUGGAUAAAUUAUGAUUUUAAACAAAUAGUAACACAUUUUAAUUAUUCAAUAA
sequence_57,UAAAUCUAAAUUACGUACAUUGAAAAAAAAUUACAGUAUCUUUAGAUUAUAGGUUUAGUUCAAUUUAUCCAUUGUCUUUAAAAUAGGAAUUAAUCUAUAAUCAAAUUAGAUUAUUUUCGAAAUAGAUCUUAACGCUAAUGAAUAAUUUAAAAAAAUAUUAAGUUAAUUAAGAUUUAAGUUUAGGGGGCAAAUCGUUAUUAGUUCUAUAAUUUAACAUUAAGUUUUAUUAAUGUAGGCCUUUUGAUAUCUUAAUAUUAUACUGAAAUCUUUAAUAUGUUAGAAUUUAAAUUGAUACUUAUC
sequence_58,AAGUAAUUUCAUUUAUUAAUAGUAAAGUGAAUAUUACUUUGAUAUUAAAGUGUUAUAAUUAUUUUACACCCAAAUUCUGUCAUGAACCUUAGAUAACUCUAAUUCUAACUUUAUGCUAUCUAAAGAUUAUUACACGCAAUUUUUAGUAUUGAUAAUCAAUUCAACUUAGUAUGAUAAGCUUUAUUAUUUGUUAAAUAUAAUAUUUAAUAAAUUCAAAGCUGCUAAUUCAUUUUGAUUUUUAAUGCAAUAUUAAAAAAAAGUGUCAUUAUUAUUAUCAUCAGUAUAGAUAAAAGUAUAUCU
sequence_59,UGAAAAAUGAACAAAUUAAUAACAUCUAUAUCAAAAUGGGUAUUUAUAUAUCUAGAUAUAUGUUAAUACUAAAUAUUAACACAUUUACUAUUAAAGUAUCAAAUAGUUAAAAAUAAAUUGUUGAAUCUUACCAAAAGUAGAUUACAAAAUUUUUAGUUACGUAUAAGAAAUCAAUCAGAAAAUAUUAACUUUAACUUUACAGAAAGUCAUACUAGUAUCAUCUGAUCGUAUAAAAUAUAACUACACAUUUUUAAAUUAGACUAAUAAUUAUAAUUUGGACUUCUUGUGUCAUAAAUAUCU
sequence_60,AUUCUUACAGAAAUAUGUUUAUUUUUAUCACUUUCAAUAAUAAAAAUCGAAUAAAUUAUUAUAUCUUAAUACAUUAACAAUUAUUCAAAAUAGACCUGUUAUUUUAAAAUAGCAUAUGUAACUAGCCCAAAUUACGAAUAUAACUAAGUCUGUUAACAUCCUAGAAAUCAUCUUGAAAUGACUUUUAACAUUAUUUAUCUUAACUCAAGAAGUUAGCUAUUCAAUAAAAAAAUUAUUUUUAAUAAAGUCAUUAUAAUAGUAUAUAUUGGACACUUUAUAUAUCUAAGAUUGAACAUUUUA
sequence_61,ACCCAAAUGAUUUAUUACCAUAUUAAUAGAAAUAAAAAAAGUUUAAAGUACUAAUUUCCACGUUAUUUAACGAUAAAAUAAAAAAACUUCUAUUGUAAUUUUUUUCCUUAUCAUAAAUCAAAUUUAUAUAUUUAAUUGAAUUUGUUUUUACUGAUGUUUAUAUAAAAAAUACAAUUUUCUAAGUUAAAUUUAUGAUAAUAUUACGUUAAUAUCAGUUACAGAUUUUACUUAUAAUACCACAAAAAAGACAUCUAAUGAGGAUAGAUGCGAAACUAAGAAGAAUGAUUACAAAUCGGAUUU
sequence_62,AAAUAGAUUUUAUAUAUAUAACAACUAUUGUACAUUAAAAUUAAGAAAGAUUCAAUGUAAAAUCUAUCUAUUAUAAUUUGAAGAUUAAUAAUAUGUCUAUUUUCUAAGAUAGUGUAUAAUGUUUCUAUAACACUUAGUAGGGAUCUAAUUUUACAAAAAAUCGUAAUUAACCAAUAAUUUAACUAAUGAAGUAGGUUCUUAGGAUGUAAUUAUUGGAUGUUUUAGAUUAUCAGGUAUUUCAAUUAAAAAGUUGGAAAUUUUAACAUAAACAUUAUACUUUCUAUAUUCUAUACUCAUUAU
sequence_63,UUGCCAAAGUAAAUGUUAAGGUGCAAAUCGAUAAUUUUUGAAUAAAUGUAAUUUCUAUUUGUUUCUACUCUUAAUUAAGGGUUUUCUGACACAAUAAAUACUAUUAUAAAUUUAAAAAUUUAGUGAUCAAGUGCUUAUGAUAUAAAAAUAAAAAUUAUAUAAGAAUUUGUGAAAUCUGAUUAAUUCAAAGUGAUGAAUAGCUUAUAACUAUUAAAUUAGGUUUAAUUUGAAUUAAUAUAUUAUUUAUAGCUCUAAAUGUAAGUCUUAUGUCUUAAUGUUGUACAUUAACUUUAAUUAAUU
sequence_64,AAAACUUAAAUACAACUUAACUAUCAACUUCAAGGAUAGUUUAUAUAGAGUUUAAAUAAUUACUCAUUUGGUAUGAUUCUGAUAAGGUGGAUGAUAAAUUAAUCGUCUGAUUUGUAUAUUUUUAAAUUAAAAUUCAUAAUUAAACCUGUUUAUUAGAAUUUCCUCAAUAUUGUGUAUGUUUUAUUAUCAAAAGAAUUUAAUAUUUAAAAAAUAAAAUAACUUGUUUUUACUAUUUGUAUGUAGAGAUUAAUUUGCCCUGCAACUGCAAAUUACAAAAUGUUAAAUUUUUUUAUUUUUAUU
sequence_65,AUGUAUACAUUAUGGAUUUGAAUAGACACGAAAAGUAUUAUAAUAAUUAGGAAGCCUAAUCUUUAUAACUUAAACACAUUUAUUUACAAUAAUUCAAAUUUUUAGUUUUAUAUUAAAACAUUAUCUAAUAUAAUAUGCUGACAGUAUUUAUAAUGAAUUUUAUGUAUUGUAUAAUUAUUCAAAAACUUAUAUAGGAAUACUUAAAUGUAUUGGUUAUAUUACUUGUUGUAUUAUUAAUAUUAUCUAAUGGAGCUCCAGUAUACAAUUACAUAAUACUAUUUUGUUUCAUCUGAGUACAUA
sequence_66,AAAUUUAGUAUCGAUUAGAAUUAAUACACAAUGAUUAUACAAUAUGACUUUUCAUUUUAAUGCAAUGAGAAAUUGUAAAUCUACAUUUACAUAAUACUUAAUUUUAUUGUAUAAAAACAUUUUUUUAGAAAGAAAUUUGAUUUUACAUGAUACAAGUUAAUUAAUAGACAUAUAAAAAAACAUUCUUAAAAAAAAGAAGAUUUUCUGCGUCUAAUCAAUAAUACAUCUACACCUGAUUAUCUAGGAACAUAUUUUAGUUCAUAGUGGUUAUAAAGAAACAUAAUUAUAGAUUAGAUUAAA
sequence_67,AACGAUUUAUUAUUUCAUAUUAACGAAUUGAUUAUUUCAAAUAAUUUUAAUAUAAUAUCUCUAAUCUAGGUGAUAAAUACUCCGGAAUAUUAAAUUAUUUAGAUUAUAGGAAAUUUUUGACUAAAAAAGGAUUAAUAUACUACAGAUCAUUUAUUUGUGCUCUUAAAGAAUAAUUAAUUUGAUAGAAAACUUUUUGUGUUCCAAUAUUCUAUUAUUUUUAAUCGAUCGACUAUUAUAGUGAUAUAUAAGAUUAAAAUGAAUUAUAAAAGUUAUUGUCGACAACUGAUAUUAACAAAGAUU
sequence_68,UUUUAUGUGAUCUGUUACUAGAAUGUAGAUAUUAAAUCAGAGUUAUAUUAAAAGGAAAAGCAGAAUAUUAAAAUAGAAAAAAUAACCUUAGCAUAGAAUUUAAUUAUAUGGUAAUUCUUUUUAAGAGAAAAAAAAUAAAAAAUUACUCUUUACUAGUUGUAAAAAAUUUUUAUCUUAAAUCACAUAUAAACUAGAUUAAAAUGUUAUAUUUUCAACAAUAUAAUUGCACAGCUCGUAUUAUAAAACAAUUAGUUAUCACUAUUAGCAAAUGUAAAAGUACUAGAUUUUCUAUUUUCUAAC
sequence_69,UUUAUUUACAAGAUCUAUAUGACAUUAACUUAAUGGUAUGAAUUCUUUUUGAUUUGUUUAUAUUUAACACACCGUUUUUAGAAAUUUUCAAAUGGGAAAAUUAUAAAGUGUAUUUAUGAAUUUGAACUUAUAUUUUUAACAUAAAUAUAUUUAUUUUUGAGAUCUUUUUGUACCAGUAUAAGGAUAUUAUAUAUAAGUCACAGUCUAGGAAAUAAUUUUCUCAAUUUAAAAAUAAAAUAAAAACAUUCAUAUCAGUAAGUGGAGCUAUGUUAUGAAUUAUAUCUUUUACUGUAUUUAAAU
sequence_70,UUAACUAUAGAUACAAACCGAUCUUAUUCGACGCAUUUCUUUCUGAAAUCUUCUAUUAUGAUUUAAGUCAUAAUAGAUUAAUUAAUACUCUUUUUCAAAACUUAGUUUGAUUUUACUAUUAUAUUUUUGAUAUUUGUAUAUCUUUUAAGCAAUUGCUAGCCUUAUGAUACACUAAAUAAUUACCUUUAGAUAUUUUUUAAAUUAAUUAUAAGUAUAUUGAGAGUUAAACAUAAUAAACAUAAAUAAUAAAUUCUCAAUAUUCAUAAGGGUGAUAAUAACUCAUGAAUUUUAAUUAUAUAU
sequence_71,UCUUCACAGAUCCUAAAUGAUGCGUGAAAGAUCUACAUAUAGUAUGCUGUUUAAUUGAGUAAUUAAAUUAAUAAUAAUGAAUUAUAAAAUCUGGGUUAUCAAUUGAUAAUUAUAUAUCCCUUAAUUCUAUAUUAUGAGUUAUUCUUAUUUGUUAAUCUCAUGAUUAUAUUAGAGACUUCAUGAAUUUAUAGUUUAGCUAUACCUUUAUGUUAAAAUUAAAUAACUUAAUUACUGAUUUUAUUGAUUUUAAAUAAUAUUUUACAUUAUUUGUACACUUUCAAUAUUUUUUUACAAUGUUUA
sequence_72,AAAUAGUUAAACUGUUAGGUGAUUUAGCAACGAAAAAUUCUUUAUAAGCAAUACUUGAAUUCGUCAGUUAAUUAGUUUAUACUACAUAUAUUCUUUUAUAAAAAAUUUUAUUUUGUCUCGUUGAAGUAAACUCGUAAUUCUAUAAUGUCAUCCUUUAUAUACGUUAAUCAUUGGAUUAUAUUUGAUUACAAAUAAUUUCUAUAUUUUUAAUUAUGAUGAACAAAAUUUUAAAGAUUUGUAAAAUUUUAUUAAUUCUUAUUUGCUACUACAUUCUUGGUAUAGAAAAAAAUGAAAUAAUUA
sequence_73,AACAUGUAUUUUAGGAUUUAAGAGUCUUUUUUCAUCUUGCUACCGUUUUCAUGUGUCAAACAGAUAUUUCAGUUUUGUUAAGUGUUUUAAUCAUCUCAAAUAUUUUAGUUAAUCUAUCGUUUAAAAACUUCAUUUUUUUCACUAGUAUUGGUAAAUAAUAAUAUUUAUUUUUAUAAAUUUAUUAGAAUAAUUAUAAAUAAUCUUUUUCGUUAACUAAAAGAUAUUUGGCAACUAAUAAAUAUAUGUCUCAUGUAUCUGUAAUAAAUUCAAAUGAUAUAAAUUUUAUUCUUACUAAUCUUU
sequence_74,UACUAAACGUAAAAUUAUAAUGAUUUUCUAAAUUUUAAGGUAGCACUUCAAAUAUCUGUUUUUAUCAUUAGCUUAUAUUAUAAACUCUAUGUCUUUAUAGUGUUUAAUAUGUACUAUCAUUCUAAGUAAAUGCAAUAAUUAAUGAAUUAAUUUAGAGAAUUAAAGAUACAUAUCCAAUAUACAUCCUGAUUCGUAAGGGAUAUCUAAUAAGUGUUGAAUAAGAGGUUUAUUCAUAUAUAAAAUGAAUUAAAAAUAAAAAAAUACAUAAUAUUUUAUUAAUUAGUUAAUCUAACGAGAUAU
sequence_75,GAUUCCUUUAUGUUCAAUACUAAAAGAAUUUAACUAUUUUGUUCUAAUUAGAAAAAAUAUCUAAAAUUGAACAAUUAGGAAGGUAAACUUUAUAUCAUUUAAUCAUUUUUGUUUAUAUACGUUUUCUCUGUGUAACUAUAACUUACAUACCUAAAAAUUUUUGUAAAAAGCAAAAACAUUAUUGUUGAAAUUUUCUUAUUAAAUUUCUAUUGAUUUUACAUGUUUAUAUUUCUAUUUUCUAGUCUAUUUAUAAUGUAAUAACAUAUAUUAUAAAUCUAAGCUAAUACUUGACUAAGGCGA
sequence_76,AUAAAUUAUAAUAAGAUUAACGCAGAUAUACUUUAAAUAAGAAAACAAAAGUCUAAUCUGAGCUAAACUCUAUUUAAUUUACUUCUAUUAAUCAAUAUGAUUGUUAUACCAAUAGAACGAAAAAAAUUAUGACGCUAUUUCAGAACAAAUUAAUACUAAUAAGUAAUUCUAUAAAGAACUACAUAUAAACCUCAUCGAUUUUAAAUGAUUAUUUAAUUUUAAUAUUUAUAAAUAACAAAACUGUAUCACCACAAGGUUUUAAUAUCAUGAAAGUCAAUAUUAGUAUCUUUAUAUUUUUUU
sequence_77,UAAUUCUUCAAUACUAGUAGAAUGAAAAUAUACUUAUAGAUACAAUUUAUGUUGGUUUUUGAAACAGGAAAAUACUACUUCUCAUAUCGCAUAAACACCUUAAUGAUUUAUUUUGAAAAACUUCCAUAUACUAUUUAUUCACGUAUAUCAAAUUUUAGUAAACAUAGGACUUAUCUUAAUCCUAAAUUUAUAUAAUUUCUUAUUAUUACAUAAAGUAUUUUUCACUAAUGUUAAUUUUAUACAAGAGUUAAAUUAUUAUAAAGAAAAAUUAUAUAGUCUAGAAUCAGAAUUAUUUACUUA
sequence_78,UCAUCAAGUGGAAAUAAUAAUAAUAAAAUAAUACAAAAUAUUAUGUAAUUUUGUGUAUCAAAAAAAUAGUAGGACAUGACUUAAAGAAAAUGGAUCAAUAUUUAAUCAUAACAUUUCACUAUUUCUACAAGGAUUGUAAUUAGAUCUGUUUACACUACAAUAAUACUAAACUUAACAUCAUUAUUUAUAUCUAUUAUAUAUGUAAAGAUUAAGAAUAUAAAAUAUUUUCAACAAAACAAUAUAACUAUUUUAAUUACGGGUAAAUUAUAUGAUUAACAAUUUAAAGUAUUACCGCAGAGA
sequence_79,AUUAUUAUCGUUGUUCUAAAUAAUUAAUUAAUUUCUUGUAGGUAUUGUAAAUUGAUUAAUGAAAAAUCUAGAAAUUGAAUGAAUUUUUUAGAUGAAAUUAUCAUUAUAAAUAAGCUAAUUUUAAAUUAAUUUUAUAAGAUAUAAUUAUUUUAUAAGUUAUUUGCAAUGAGAAAAAUUGAUAAAUUUUGUUUUUUAGACGUCCCAAACAACGAGGUUUGUAUAAAUACCUCCAAUAUUCAAUAUAAGUAAAUCAUGAAAUAAUUUCGUACAAUUAAAAGUAAUCUCCUUUGAUAAUGCCGU
sequence_80,UUAAUUAAAUAUGACCGGAAUUAUUAUGAGUUCUAAUUAUCAAUUUAAUAAAUAAUUACAAAUAUCUAAUUCAAUUAUUCUCUUCUGUAAAUAAUUUGGUUAAUAGUUAGUGAUUACAACUAUUGAAUAGUUUAAUUCAAUCUAAGAUAAUAGGAAAAAUAAAAAUUAAAGUAUGAUUAAGCAAUUAAUUACUAGUUUAUAAAAGCGAAAAAUGCGAUCAUUUUACUUAUUUUAUUGAUUGUUUGUCUAUAACAAGUAUGUAACAAUUAAUAAGGUUUGUACAAUACAGUAAUCUCUUUU
sequence_81,UUACCCUGCAGAAUAUUAUAAAGAUUUUGCAUAAUCAUAUUUUAUGGUGACAUACACCAUUUGUUUGUAGAAUUUUCAAAACUUUCAGUAUAAUAAUAAAUAAAUAAAACUAAUCGGUAUCUUUUUAUCUAUCUUUUUUUAAUUAACAGAAAUAUAAUUAGAAGUAUAUUUAUUAACUUUUAAAGUACGUAUGUACAUAAUUUAAUAAACUUAUGUUACAUUUCAUAAAUUACAUAAUUUUACAUUUAUAUAAAUUACAGUUCCUUUGGAUAGAUAAUGAUUAGCUAAGAGAUACAUAAU
sequence_82,AAUUUAUUGUCAUAUUGGGAUAUUUUUGAAGUAAAUUGCAAUUAUACGAAAAAAAAAAAAAUUAUAUUUGAAUAAAAUGGACAACAAUAGUUCUCAUUAAAAAAUGUUGGAAUAAAAUAUUGUAAGAGAUUACUUGAUAAAGUUAAACUCCUAUUAACUUUGAAAUAACAGGUAUUAAAUAUGAUAAUAACUUCAUAAUUUAUAUAUUUAAAAUCCUAGGAUAAAUAGACCUCUGUACUCUCCAUAUCAUAUAUUUAUUUUUAUAUUAUUCAGUUCUAAUUAAUAAAUUAUCUUCUUGGU
sequence_83,AUGUUGAUAUGUACUUUUAUAAUAUAUGCGUCUUUGUCUGCAAGAAAUUGAUUGUGAUUAUAGAAAUUUGUGACUAAAUGAAAAAUGAUAUUAACGUAUUAUUAAUAAAGAAAUUCUAAAUUAAUAAUGAAUACUACAUAGAGUAGGUAUUAUUAUCUUUUAAUUUAAAAAACAUAUUCGUAUUCCUAUUAUAGUUGUACUAUAACUGUAAUAAUUUUAUAAUGUUAUUUUUAUAAUUCAUUAGACAAGCUGAUUAUUUAAUUAAAAUACAAAAAGAAUAGAAGGAUGAAUCUAACAUCU
sequence_84,CUACUUGGUCUUAGCUUAGGAUGUUAUUAACAAAAAAUAAUGGGUUGUAAAAAUGCAAAAGAGUUAUUUAACGAUGAUAAUGAAGGCGUUACUUGUUUUUAUGUAUUCACUUUUUUAUUAUAUAUUGUUUGAAGUAAUAUAAGUAAGUUCUUAAAAUUUUUCAUUCGAUUAAAAUAUAAAUCCGUUUUUUUAUUAGCGUAAUUUUAUUUUUAUUAUAUUUUAGAAUAUAUGUAUUUUAUUCUGAAUUAUUCUUUAAGUUCCUUUACUGAAUUUAUUUUAUUAAAAGGUUAACUUUAUAUU
sequence_85,AUAAUAAUAAAUGCUGUUUUUUUUAAAACAAAACUCAUUGCAAUUUGUGGUCAGAUGUACAUAUACUAAUAUGAUUGUUAAAUUAAAAAUAAGAUGUUAUACAAAUAUGUCUUUACUUAGUUUAAGUAAAUCGUUAUAUUAAAUUCAUUGACUCUUACUAAAAAAUCAUUCAUUUCUAUUGUAAAACUUCAUUAACUAAACAAAUGUAUAAACUAAUCGUAAUACUCUUAUUCUAUAAUACUUUUAAGACUGGUUUCAAGAUUAUUAACAUCUUAUUUUUUUCGUUUAUUUAGAUUAAAU
sequence_86,AAUAGAAUUUUAUAAAAGAAUCCAAAAGUGAAGGGGUUUUACUUUUAUAAAUCUGAGACUAAUACUUAUAUAUAAAAUCUUUAACUCAAUUAAUAUAAUUGAUACGCAUUAAAUUAUUAUCUUAUUUCUAAUAAUUUUAAUAUUUGUUUAUAGUAUGUUAUAAGUUUUAUGAGUAGUAUAAACGUGUUUAAUUUAAUGUUUUUGUUUGCCUUAACGUAUUAAGUCUUAUGAUAAACAUUAAUUUAUUAGAGAUUUUAUUUGUCCAGUAAAUCUAAUAUAAGCGCGAAUAAUAUCAAUAAC
sequence_87,UUGGUAGGAACGAUUAAAAUACAUAUUAAAAUAUCCGAAUUAAUUAUAAAUAAACUUAAGAAAGAUUGUUAGGAAAAUAAUUAAAUUAUUGCUAUAAUGUGCAAAAUAAUUAAAUUUUGGCAAGCAGUAUAAUAGAAUGUUUACCGAUUUUUUUAAUAUAUAGUACUGUCAAUAAAUGUAAACGUUAUUAACUAUAAUCUUAUAAUGAAAUACUUGUAAUUUAUUUUAACAACAGCUAGUCUAAUUAUAACAGUAGAAUUAAUUUUUAAUAUUAUCUUUCCAAUAUGAAGAAAGUAAAGA
sequence_88,UAUACAUAAUGCAGUUAUAAGUCAGUGCAAAAAGUUAGUAAGUGAACGUUUUUACAUAUCUUAGUUAUUAAAUUAUUAUAUUUUUAUAUUUCACUUUUAUAUAUACUUAUUUAUUGAUAACAAUCAUUAAAGAUUGUAAUGUAAUAAAUAGUAAGAAAUAUACAAUACUAUUUAAAAUAUCGUUCAGAAAUAAUUACCCAGAAUAGGUAGUAUUCAUUUUAUUAACAUAUCACAGAGAAAUCAUUGUUUUAGAUUUAUAUUAACACUUCAUUUAUACUUAAAUCUUUGUGUAGUAAUAGU
sequence_89,GUCAUGCAAAUUUGGAAAACAUGAAAAUGGGUAUUUAACAUUGAAAGAACAUAAAUUAAAUUAAAAUAAAUACGGUCUGUAAAUAUCAAAAUGAUUAAUUCUAUAUAAUAUAUUUUUGAUAAUUAUAACAUAAAACUAAAAAAAGAUUACUGUUAAGUUUUUUAAUCAAGAUAUUAAAGGUUUAAUAUCCAUUUAUAUAUAGUUAUUUCUGGUGUACGAAUACCAAACAAAUAUAUAAUAGUAUUAAUGUUGUUAAAUUAAUGGAUAAUAUAAUCCUAAUAAUGCAUAUUCUUUGGUGCU
sequence_90,UAUUAAAAUUUUGAUCUUUAAAAGAAAGAAUUUCAUGUAAAAUUUAAUCUUCUGUAUUACCGAUGUAUUUGGCAUAAAUAUUUAUAUUAUAUACUGGAAAAUUAAAUAUAACUAUACGUUACGUUAAUAAUUAAUCUAAUCUUUUUUUAGCAAAUAACUCUUGUAUGUGACCACAUAUAUAAAUUCAAACUUGAUCUCCUAAAUUACUAAUCAAAAAUUGGACAUUAACUAAAUAAUUAAGAAGAUGCAAUCAUAAAUAACUGCAAUUUUCAUUUGUAAUUAAUUUAUGAAAAAAAUUCA
sequence_91,AAAAUUUAAAGUAGUAACUAUGAAUAAAGUUUUUAAUAAAAUAAUAAAUGAAAUAAUAGUGAGAUUGCUUUCGUGUCUGUUUAUAUAAAUAUUCUUAAAGAAUUUAACAUAAAAUAAUUUCAGAACCACACUGAUCUUCUUAUCAAUUGUAAAGCCGUUUAUAUGCUUUUACAAUCGGAUAUCUUUUAAUUAAAUUUCUGGAUAAAGCGUAUUUAUUGUAAAGAACGUAUAAUAUGUUAAAAGACGUUAAUUAUUUGAUAUUAAAUCAAGAAUAAGUAAAAUAAUCAAUAUAUUAUUAUU
sequence_92,AUUCGAUCUUUAAGACUAUAGAAUUUUUUGAUUUAAAUAUAAGAGUAAAUAAAGAAUAUUUAUUCUAGUCACUCAUAUUUUCACUAUAGUUUAUUCUUAAUCGGUUGUUUUUUUAGUAUUAACAUUAUUUUAGAAUAAAGUGUUUAGUUAGCAAUGUGCCUAAAAUAAAAUUUAUUAUAAUAUAAAUUUUAUUUAAUAUUGUAUUUUAUCUAGUAUAGAAAUAAUAACCCAGCAUAAUACUAAUUUUGAGAUGAGGUUCAAUUAUGAAAAAUGUCUGGUAUCUACUAAAUUUUCUUCUAA
sequence_93,UGAAUGGCCAUUAUAUUUAUCUAAGAUUUAAAUAUUUAUAACUAUCCAUAAUAUGAUAUUUAAAACAAUAUCUCACAGCCGAUAAAGUAUCGAACAUUUAACUCGAACCAAUAAAAUCUACUAACUUUAUAAGUUUAAGUCACCUUCGCUGUAUAAAACACAAUAUAACAAAAUUAAAUUUUAUUAAUUAUAAAUAAUAACUAUUAUAAUUAAUUUCUUAGAUUCAAACGUAUAUAUACAAUUCUAUAAUCAAUAUAAGAAUUGUAUACUGUAAAAAUUUAGCUUGAUCUUAAUAAUUUA
sequence_94,UCGGUUUUAUAAAAGUUUACUAUGUUUUUGGUUUUUUUUAAAAUCUAUUUCAUUUUUUAAGAGAUAAAAAUAAUAUUUAACUUAUCUCUUUCUACACUUUCUUGUUCAAUCGAGAUAAUCUUAAAACGAUAAUUUAAAUAUCACUUUAGAAGUUUUUUAAAAUUAUUUCACGCUAAUUUACUAGACUUAUUUAAAGGUCAGUAUCUUUAUGAUUUUAUUCAAAUUGUUAUAAAUACGUAAACGAUAAAGACAAGAUGUAAUAUUUAUAAGGAAAUUUUGUACAUUUAAAAAAAAAGUACU
sequence_95,ACUAAUUAUUCGACGAUGAGAAAUUAUAUAGCUUUAAACUAAUCUUCUUGAAGCAAAAAAUAUAACAUCGUUAGCUCAAUAUGAAUUAAAUUUUGAAAAGAGUAAAAUAACGUGUAUAGGUAUCUAUCUUUAACAUCAUGUCAUAUUACACUAUUAUUUAAUUUAAAUUAUGUACUGAUUUUGUAUAAAAAUUUUUUGUAAUUUAUAAUAAAAUACAAUAAAAAUAGCUAAGUAAUUAUUAGAAAAGGACAAGUUUGGACUUAUUCUUAAUUACUAAUAUAUUUCAUUAAUUAACAUUAC
sequence_96,AAAACAAUAAGAUGAACAAUUCUAAUAUAAUAAAAGAUUCUAAACAUUUUGUAUGAUUUAAACGAAUAAUUGAAUCCUAAAUUUUGGUACAUAAUGUUCUUCCUUCUCCUGAUAUGUCAAUUACAGACUAUACGGGAAUUAUUUGGUACGUUCUCUCUUUAAGAAAUAAAUAAAUUAAAUCAAUAUAAAUUGUAAUUUUAGACUGUUAAAUCCAUUCUAUUACCUGAAUAAAUUUUCACUAAAUAUUUUUUUUUUUGUAAUUAAUUUUAAAAUAAUAUUUUGUCAUUUAUUAACUAUUUU
sequence_97,ACAGUGAUAUUGGAUAAUCAAGUUCUUUUUUUAUCCGCAUUAAUAUUUUCAUUGUAAUAUUAUUAUUGACUUACUUUUCAGUAAAAGAAUUCUCUAAAAAAAGUAUCUUAUAAGAAUAAUUAAAUAAUGAGAGAUUUACUUAUUUACAAACAUAACCAAGAUUUUAUAUUAUUUGAGUAUAGCAAUUUAAUAUUAUAUAACUAAUUUUUGUUCAAAUACGGUAUCUACAAAAAUACUAAUAUUUUAUAUGAUUCAGGUAUAAUGAUAUAUAUCUUAUUGAGUUUACAGCUAAUACGUUAA
sequence_98,UUGAAUUAUAUUUAAUUUAAGUAUUUUUUUUAAUAUUCAAGGUAAUUAGGAAUGUUCUUAUGUUUAUGCUACACAAAAUUAAUGUUUGAUAAUAUCAUUUUGAAAUUAGGCAUAUAACUAUAUUUUGUUACGUCCAAAUAAAAACAACAAAUGUAGUUUAGACUAAAAUAUAAACAUUUUAAGAUUCUAUUACCCUUAAAUGUUAGUAAUGUCUUAUACAAAGAAUUGAGUAAUACUAAGUACAAGGGAAAUCUUUUGAAAUUUUUUUUUUAAGAUUAAACAAAAGAAUAAUCUAGAAAA
sequence_99,UAUAAUCAAGUAUUUUAAUUUAAUAUGGGUAUUUAUGGAAGUAGUCAUUCAAUUUCAUGCGAUGUAACAUUUUAAUACCCUUUGUUACAAUAAAAUUUUACUUAAAUAGGAAAAUAUUAUUUUUAGAAAUUUUCUAACCUUUUUAUAACAAAUAAUAAAAAUUAUACUUUUUUAAGAAUUCUAUAAACCUAUUGAAUUAGAUAGAUUUUAAGAAUUGAAAUUCAAUUAUACAUAAUUAUACAUGCUAGAUUAAAUGUGAGAAUCAGUUGUAUACAACUAUUAAUCUUUCAACAACUCCUA
sequence_100,AUAGAGAACUCUUAUAUUUCAAAGUUUGAUAUAUAUUGGAUGAGAAAGAUUUAAUUAUUGGGGAUUAAUGAUACCAAUAUAACAAAAUGUUAUAGUAAUGCUUAAUUUAUAUAAAUUAGAAAGUGAAUUAACAAAUCUUUUACUUUUAUUCUUCUCUUUAUGUCUAUCUAAAAUUAUAUGCUAAACUUUGUUGGAAAUGACAUAUGCUUGAUUUAAAUAUUAGAUUAAAACAAAAAAUCAUAAAUUUGAACUUAUAUAAAAUCAUACACUUGUGUAUAUAAUGUAUAUCUAUAUGUUUUU
