ID,Sequence,Structure,MFE
sequence_0,TCCTCGTTAGTATAGTGGTGAGTATCCCCGCCTGTCACGCGGGAGACCGGGGTTCGATTCCCCGACGGGGAG,((((((((........((.((((..((((((((((...)))))....)))))....)))).)))))))))).,-27.0
sequence_1,GTACGTGCCCCGCGCACCTGCAGTGGAATTTCGAAATGATGGGCTGGGCGGGCTTAGCTGTCGATCCTCCGG,(((.((((.....)))).)))..((((...((((.....((((((.....))))))....))))...)))).,-20.799999237060547
sequence_2,CGTCGAGATAGCACCCGCGACGGGCGATAGCTTTACCGATGCTGAGTGGTGGTTGGCTGACCTGCCCGGTCT,.((((.(........).))))(((((.(((((((((((........))))))..)))))...))))).....,-21.799999237060547
sequence_3,GCCCCAGGAGGGTGTACCCTATTATCGCCGAGATGGTGGTTGGGGGCCTAGGTTCCCAGGCTGCCTCGTACA,((((.....))))((((.((((((((.....))))))))..((.(((((.((...))))))).))..)))).,-26.399999618530273
sequence_4,CGTAACGGGAATGGGCAAGGGCTGACGTCTTTCGCCCTGGTGGCCGGGGTCCTTTCTGATGATACGCAGCCC,..................((((((.(((...(((((((((...))))))).......))....))))))))),-22.899999618530273
sequence_5,GCGAATTGCCCCTCAGCCTAACGGGACGGGGCCTGCGGTTTCTGACTGTAGCGTGGCTCACTGTGTAAGCGG,.......(((((....((....))...)))))((((((((...))))))))(((.((.......))..))).,-21.200000762939453
sequence_6,ACCCCGCAATCACCGCTGGCGTTTCCGCCTGTCGTTTGGTTGCAGGGGTTTACGAGGGCAGTGAGCACGGAG,.(((.(((((((.(((.((((....)))).).))..))))))).)))((((((.......))))))......,-27.5
sequence_7,GGCCCCGGGGTGGGTCGCTGGGCATCTCGTCTGCAATCCGGGCTGACCATGATAGGCTTTACACGAAGGCTT,(((((......((((.((.((((.....)))))).))))))))).........(((((((.....))))))),-20.0
sequence_8,CTTTGTCAGGGCCGCATATGCGAGCGGTTCTAGGACAGTCGGTCTGCTTGCCCGGCAAGAGTAGCGCGCCTG,..(((((((((((((........))))))))..)))))..(((.((((.((.(.....).)))))).)))..,-24.0
sequence_9,GTCCGCCAGCGCTGTCTAGGCAGCACGGGTTCGGCTGCCGTAAGATGGCTCGTCTAAAGGTTGTCGCGGTAC,(((((((((((((((((.((((((.((....))))))))...)))))))..........))))..)))).)),-27.600000381469727
sequence_10,TGCGTCGCAGGTCTCTAAGAATAATGCCGCGGCGGGTTCGGCCTAGGCAACCTAGCGGCCGTTGGCTGTGCT,..((((((.(((.............)))))))))(((.(((((..(((..(...)..)))...))))).))),-26.0
sequence_11,CCGGCCTCGGCAGACACGCGGGCGAGTAGGCTTTAGACTCCTACGCTGGTTTCGGGTCGATTCTGAGCTGAG,.((((.((((..(((.(((.((((((.((........)).)).)))).)...)).)))....))))))))..,-21.600000381469727
sequence_12,TTAAGCCGGGCTTCCCCGGTGCGGCATGAGAGTTCTCGCGCGGGATGTAGCCGGCTACTGGTTAGCGATCAC,...((((((((.((((..((((((...........)))))))))).))..))))))..(((((...))))).,-25.0
sequence_13,CGCCGTGCCCAGAGCTGCCGGAGGCGCGTCTCAGGTTACCTGGGCTCAATCGTTCATTCATGGTAGGGAGGT,.(((((((((((.(..(((.(((......))).)))..)))))))..............)))))........,-20.799999237060547
sequence_14,TAGGGGGTGGTACAGTTGGCGGTCGGGCCGCATGGCCCGCTTTGAGCCCGTACTTGAAAGCGCCTCTAACCT,(((((((((((((.(((.(.((.((((((....)))))))).).)))..))))).....)).))))))....,-28.299999237060547
sequence_15,AATAGACATGTGGGCCAGCGGGCCCGTGGAGTAGTTGGCAGTTCGTGTTCGCGACAGCCTCCTGCTCGTCGC,....(((....(((((....)))))...((((((..(((.((.(((....))))).)))..)))))))))..,-29.100000381469727
sequence_16,CTGGCTGAGCCGATTTAACTGCGTCGTACCCGGGTTAGGATGCCCTAATGTGCCCGACTGTCCGAGGGCGGG,.((((...))))......((((.(((.((.(((((((((....))))....)))))...)).)))..)))).,-22.799999237060547
sequence_17,TATTCCTGGGTGGGCGCCGGCGGCCGGGAATCGAGACTTTTAGCCGCCGCATATGTACGTGGGACCCTTGAC,...(((((.(((.(.((.((((((.((((........)))).))))))))...).))).)))))........,-23.899999618530273
sequence_18,CTCTGGGTTGGTCAATTGCCAAGCTAACGGTCGGGCGACTCACCGGTACCGGGTTCAGTGGCTCGGAGCCGT,...(((.(((((.....))))).)))((((((((((.(((..(((....)))....))).)))))..))))),-28.799999237060547
sequence_19,AGCGATCGCCAGGCTCGTTTGATACGGTACCCTTTCTGGGACGCGCACCGGACTAAGGTTCGCGGCGGGTTG,..((((((((.....(((.....)))((.(((.....)))))(((.(((.......))).)))))).))))),-21.5
sequence_20,ACGTGTCCCGACGCAATTACCCCCCGGTGCCCGGGGCGTCCTATGGAATGCTTTAGGGGGATGATTGGGCGT,........((.(.((((((((((((((...)))((((((((...)).))))))..))))).)))))).))).,-24.899999618530273
sequence_21,GTAGGCGTGGTTTGTCCTCCGGTCGGCTAGGGGGACTCGGAATTAGCGTGCTTGACTCACACCCAGGCCCAG,...(((.(((...(((((((.........)))))))...........(((.......)))..))).)))...,-21.100000381469727
sequence_22,GGTCGGATGATGATGAGGAAATTGTCCGGCTCCCGCTTTACGCGGCGCTACCGCGGACGAGGTTCTGTCGCC,(((((((((((.........)))))))))))..........((((((..(((........)))..)))))).,-24.799999237060547
sequence_23,GCGATGTGCTGTCGCGTCGCCTGACCCGGATGTGGGGATCAACGCCTTACACCGCTCAGCAGGTTTGATGGG,((((((((....))))))))((((..(((.(((((((.......)))))))))).)))).............,-25.5
sequence_24,ATGGCGGCCGATCGCGTGTTGCGGAATGCATTTTGCCGCAGGGTCTACAAGGGTCCGAACCTGTCCGTCGGC,......((((((.(((.(((.((((.........(((....))).........))))))).)))..)))))),-20.600000381469727
sequence_25,GAGATTGGGAAACTTTAGGTCTTCTTTCCAGCTACCCGGACGGGAGTTCCGGCCGCGGGGTGCCAGTGCCCG,.((.((((((((((...)))....))))))))).(((((.(((.....))).))).))((.((....)))).,-19.0
sequence_26,GGTGAACGTATGCGGGCGAGATACCAGCGGGCCGATTCCGGCTGTTTCGGGCCTGACTGTTCTAGCTCCCAG,..........((.((((.(((...(((((((((((..(.....)..)).)))))).))).))).)))).)).,-22.600000381469727
sequence_27,GAGGGTCCGCCGTGTCCGTGTCGTAGTGGCAGGCTAATCGCACCATGATCTTAGATCTTGGGCGCCCCAGGG,..(((...(((.(((((........).)))))))....(((.(((.((((...)))).)))))).)))....,-22.200000762939453
sequence_28,GCGGACAGTAGGGCGGTCCGTCCATCTGGCTCATTCCTAGGGGGCACCTGTCAGGTGTGGAGCACCTAGCTT,......(((.(((.(.((((..((((((((.....(((...))).....)))))))))))).).))).))).,-24.600000381469727
sequence_29,TCTGACGACATGCGTGCAGACGCTGGCGCATGTTGAGGCGTCTTCCAGTTGGTGCTGAAGGGCGGCTCCACC,......(((((((((.(((...))))))))))))(((.((((((.((((....)))).)))))).)))....,-31.399999618530273
sequence_30,CCTCCGTTTGGCGTGCCAGATCGTTTCTCACACTGGGGAGCACTGCGGACGAGGCGGCCGGTATCGTAGAGT,((.((((((..(((.((((...((((((((...)))))))).))).).)))))))))..))...........,-20.799999237060547
sequence_31,CCAGCTTTGGGTGCGACAGCCATCATTAATGCCCGCCAGCGGGGGGTCTGTGATGGCGGGCCCCTTGTAGAT,........(((.((....((((((((....((((.((...)).))))..))))))))..)))))........,-30.5
sequence_32,TGGCCACTCTAACGCATCCTGGGGGGCCGCTGACTCGTTGGCTGTCCAAGATGTGTTCACGGCGATGAGCGG,..(((.....((((((((.((((.((((((......).))))).)))).))))))))...))).........,-28.0
sequence_33,AGACCGTGTTGATGGCTTGGTCCACTCAGGCGGGAGGGGCTGCTCTCTCGGAGCCCTTTGCGTAGCAGACAC,.(((((.(((...))).))))).......(((.((((((((.(......).)))))))).))).........,-26.700000762939453
sequence_34,ACGGTCAGGTGTGCTTTGGGCACCGACGCCGTATGGAAGCGCGTGGTCCCAACATTCGGGTCGTCGTTCACG,(((((..(((((.(...).)))))...)))))..(..((((..(((.(((.......)))))).))))..).,-22.5
sequence_35,AGGCTGGCGGCGTCGACCATTGGCCTAGTGGGCGTGTCCGACGAGATCTATTACGGCGATCATCCGTGTCCG,.((...(((((((((..(((.(.((....)).))))..))))).((((.........))))..))))..)).,-19.600000381469727
sequence_36,ATGACCTTTCACTACCGTGCACTGATCGCGGAGGCGGTGGTACTACCCGTGGCGGGGTTGGCCGCTGAATGC,...........((.(((((.......))))))).(((((((...((((......))))..))))))).....,-23.5
sequence_37,GCTTAGGATGACGCCAGGCGTTTCGTGTCCGTACGCACGGGACCGATAACAGGTGTGTTTTGCCGCGCCCGG,((((.((......))))))(((((((((......)))))))))......(.((((((......)))))).).,-23.600000381469727
sequence_38,GTGCCCACGCGTTCGCTTGGGCGCGGGTTGCTGTCGCACACATCGCTTGGTACCATGAGGAGAGCAGTTCGA,(((((((.((....)).)))))))((((((((.((.((...(((....)))....))..)).))))))))..,-25.299999237060547
sequence_39,CTCGTGGCCCGCATTAGCGGTTCCCTGATGGCCCAGGGCGTGTGACAGGTCGGAGGATCGATGCGATACCTT,....(((((.((((..(((...(((((......))))))))))).).)))))((((((((...)))).)))),-22.100000381469727
sequence_40,GCGGGACTGTGCTCCTAGCATAGTGGTTAAGGGGGGTCTACTCGCCGCCTGTCGAGCCTTCAGTAAGGCCCG,.((((((((((((...))))))))((((..(((.(((......))).)))....))))..........)))),-25.899999618530273
sequence_41,GGTTCGGGCCATCCGTCGTGGGCGGAGTCGTAATTATTGGACCACATTACGCCGGACGTGGACCCTCGGCGT,(((((((((..((((((...))))))...)).....))))))).....(((((((..........))))))),-22.799999237060547
sequence_42,GCCTGTCGCTGCCATGTAGAGGGCGGCCGGTTCTCATGTGCCGAACGCATAAGTCGGCCAGGTTGTACTCGG,(((((..((((((........))))))............(((((.(......))))))))))).........,-22.200000762939453
sequence_43,TGGCTTAAGCTTCTCGTGTCGGGGTGATGAGCGGCCAAGCGTGCTAGCTTAGCCGGTGCCAGGCCCCCGAAT,.(((....))).......((((((...(((.((((.((((......)))).)))).)..))...))))))..,-25.600000381469727
sequence_44,CGCGCATGCATATGGACGCTCTTTTCCGGGGTTTGCGGGGTATTTACACGCGCCCGGACAGCGATGACGGCG,..(((...(((.....((((....((((((...(((((........).)))))))))).)))))))...))),-21.700000762939453
sequence_45,TCTCGAGGGCGCGTTTGCGGGAGTCGGATTGACACCTTTCGCTGATCGCCTCAGGGCCATGCACGTCGGAGA,.(((..(((((.(((.(((((((..(......)..))))))).))))))))..)))................,-20.399999618530273
sequence_46,CCTGAGAGACGTAGCCGCCCGCTTGATCTATGCCCTAGCCTTGCGACAGGATGTGATCCGGGCTGGGGTGTG,......(((((.(((.....))))).)))((((((((((((.......((((...)))))))))))))))).,-23.600000381469727
sequence_47,GTTTTGATGCCGGGGCAGCTGCTTCGGGCCGGACTAGCCGGCAGATTGCTAGCGCTCCCGGAGCGTACTATA,.........(((((((.(((((.((..(((((.....))))).))..)).))))).)))))...........,-29.399999618530273
sequence_48,AGCGCAGATGCCCTCAGGGCGTGCGGCGACTATTAGGAGAGGTCTATCTTTGCCCGGTACGCCGTTGTGGCC,..((((.((((((...))))))(((((((((....(((((......)))))....))).))))))))))...,-25.700000762939453
sequence_49,GACGAAGCCTTATCTTCGTAGAGGCGGGACACGATGGGGGCCGCTCCGTTCCATCTGACTGTCGGCGGTTCG,.((((((......)))))).(((.((.((((.(((((((.........)))))))....))))..)).))).,-20.600000381469727
sequence_50,CTTAAGCTAGGGGGCGGGCCCCTTCTATTCTAGGGATGTCCCCGATGCCTGGCCCAATGGAGGCTGTACGGG,.....((..(((((((...((((........)))).)))))))...))..(((((....).)))).......,-24.0
sequence_51,AATCGGGCTCCCGCCCTGACGCTTGGCGAGGACGACGGGTGTTACTTCTTCAGAGCTAGTGTCTAGCGGGCG,.........(((((...((((((.((((((((.(((....)))...)))))...)))))))))..)))))..,-23.899999618530273
sequence_52,CGTGTCGTTGGGTACGGCAGAGCCAACTCTAGGTTGCCGGAGGGCTGTACGGGCCGTTAACCGCTGTCACTC,.(((.((.(((..((((((.((((..((((.((...)))))))))).)....)))))...))).)).)))..,-24.700000762939453
sequence_53,TTGGGGTCTGAGGACTTGGATGCCAGTGCGCGATCTACGGGTGCCGCATTGCCGTCCCGAACCATACGGGCT,....((((((.((....(((((.(((((((..(((....)))..))))))).)))))....))...)))))),-26.200000762939453
sequence_54,GATGGCGGACGGTGCAGGCCGCCGCCCTGTCCGTTCGCGGCTGGGTACGAAAACAGTCTGGTTTTAATCGTC,((((((((((((.((((((....).)))))))))))))(((((..........)))))..........)))),-26.600000381469727
sequence_55,CGGGTTTGCATCCGCGTTAAGGATCGTCGGCAGCGGACCTGGTTCGGAAGCCGAGCCGCTAGGCAGCTTTCT,(((((((((..(((((........)).)))..)))))))))....((((((...(((....))).)))))).,-31.299999237060547
sequence_56,CTTGCTGCCGGAGTGGAAGGCCATCCTTCTGCAGCAGTTCAGGGTGCACCTGTCTCGATCGTCGAGGAGGCG,.(((((((.(((((((....)))..)))).)))))))..((((.....))))((((((...)))))).....,-26.399999618530273
sequence_57,TAGGCGAGGCCCGTGTAAGTCGAGGGGGACTTTTCCGGGGTGCTCCCCCTTCTTCGCACGTGACGGACTAAG,..(((...)))((((((((..(((((((((...........).))))))))))).)))))............,-22.299999237060547
sequence_58,CGGGTTTGTAGGCTGGGCGGCTCACGAGCGCTAGCAGTATATGCCCCCTACGCTGGGAGGCGTGCTACTCAT,.(.((((((.((((....)))).)))))).)....(((((((((((((......))).)))))).))))...,-28.600000381469727
sequence_59,TATGGCTGCCAGGCACGGCAAGCGGGAGTTTCGCTTTACCGTGTCCTTAGTTCCTCCAAGAGCCGGGGCGGG,.....(((((((((((((.((((((.....))))))..))))).)))..((((......))))...))))).,-25.700000762939453
sequence_60,CTCTTAGCGGGGTTTTTATCGAGGTCGGCGGCACGGTAATGTCCACCACCGCTGCACGCTAAGCGGCGGTGG,........(((....((((((..(((...))).))))))..))).((((((((((.......)))))))))),-27.899999618530273
sequence_61,TCGGGTGACCCTAGACCACTGATATCGGATGACCGCCGGTACCTGTTGGCTTGCGGGCGTGCGGTATGGCAC,...(((........)))..(.((((((.(((.((((.(((........))).)))).))).)))))).)...,-22.799999237060547
sequence_62,TGTGGATGCGGTGCCGTAAGGGTTTGGCACTATCCATTGCTCGGTGCCACGGGCACGAACTCCAGGCGGCTC,.((((((..(((((((........)))))))))))))((((((......)))))).................,-25.299999237060547
sequence_63,GCGTCCGTTCCTCAGTGGGGCGTGCGTGTGTCAGCGGCGCTCCCCAGCATGAGTGAAGGTAGTTCAGACACT,(.((((.(((((((((((((.((((.(((....))))))).))))).).)))).))).).......))).).,-25.899999618530273
sequence_64,GCCGCGCCGGGTGTTGTAGGTAGTTAATGGAGGCTTCAGGTCACAGCCGTCTTCCGTCCGGCCGAACTCGAG,..((.(((((................(((((((.....(((....)))..))))))))))))))........,-18.600000381469727
sequence_65,GGCATAACGACCTGACGCGAGGGTGGGTTGCCGTCATTACTTCGAGCCCGGGACCGTGGCCTGTATCGTGTC,((........)).(((((((....(((((((.(((......(((....)))))).)))))))...))))))),-19.899999618530273
sequence_66,TGGGATCGAGTGCGCGTTTTTGGTTAGCGGAATATATCCACGCCTGCACGCCGGGGTGGAGACGGCCCCCTC,.(((.(((..(.(((...........))).).....(((((.((........)).)))))..))).)))...,-19.5
sequence_67,CGACAATCTCTCAGGTGGTCAGGCTGATGGGTGGTTAAAATGGCGGCTTCGCGCGGCCTCTCCCTGGGACGC,........(((((((.((..((((((.((.(.((((........)))).).)))))))))).)))))))...,-25.100000381469727
sequence_68,GCTCCTATGATGCGGGCCACGACCAGGTTCGGGTGTAGTTCGCCGTTGGCTGACCATATTCGAAGGGGCCGC,...........((((.((.(.......(((((((((.(((.(((...))).))).)))))))))))).)))),-23.0
sequence_69,AGAGCTATTACCACGCGCTTTGGAGGTACGGGTGGCGCAGTACGGGGTACGGCCGCTTCTCCCTTCTGGGAC,(((((...........)))))(((((...(((((((.(.((((...))))))))))))...)))))......,-20.700000762939453
sequence_70,TGCGAACCGTGATATGTTGCGAGATGTCTCCGGAGCCCCCTTGGCCGTAATTAGGCCGGGTCACGGCGGTCG,..(((.(((.(((((........))))).(((..((((....((((.......))))))))..))))))))),-24.600000381469727
sequence_71,AGTAGACTGGGGTACGCGGGTCGCACGTCGGTGACGGCGTCTGTCCTACATCGGTTGCAGACCTATTCCGCG,..............((((((((((((....))).))))((((((((......))..)))))).....))))),-24.0
sequence_72,GGCGGGTGCGAGTGCGTTCGTACGTTCCATTCGGAATGCGGGGATACCGGTCCGGCTCCCATAAATCTCGGC,.((((((((....)))))))).((((((....))))))..((((..(((...))).))))............,-21.0
sequence_73,CATCCTCGGCTATGTAGCCGATCGGTTAGCCGCTCGCGCGGTATCAGTGGTGCGTTCCGGAGAATCGCGGAG,..(((((((((....)))))).(((((..(((..(((((.(......).)))))...)))..))))).))).,-25.5
sequence_74,AACTTTGGCTGGTACGTAGTGAATCGTTTGCCGTGTGCGGAAGCCCCCCCACCTGACGGGGGACGGTTCGCG,.(((......))).....(((((((((((.(((((((.((......)).)))...)))).))))))))))).,-27.0
sequence_75,CATTCAGGCCCAGGCCGTTCCGCTGGTCGGAACTAGTTATCGGCCATGCTGCCGGAGTTGGGCTGTGCGAAG,......(((((((.(((....((((((((...........)))))).))...)))..)))))))........,-24.299999237060547
sequence_76,CTACGCGGGTGACTAGGTACACCGGGGGGGGGGCGGTCACCCGCCCCACTGTGTATGGAAATTTCCCTTTTG,......(((.......((((((.(((((.(((.......))).)))).).))))))........))).....,-28.799999237060547
sequence_77,ACGGTATGGGCGGCCATCCACGTGTGGCTCGAGCGTGAACCGGGCCGTGTCTTGTCCCAGATTGTTACGAGC,(((((.(((((((((...(((((.........))))).....)))))........)))).))))).......,-20.600000381469727
sequence_78,CACTCCGGCCGCGCGGATAGATCTCTGGGGCGCGAATATCCGCTGATGGCAGTTCTTATCGCGTGGGCTGAG,..(((.(.((((((((..(((.(((((.((((.((...))))))..))).)).)))..)))))))).).))),-28.0
sequence_79,TCCCCCAGCCGGGACGGCGCATGAGGGCAGGCAATTTATCTCGTCTGCGTCGCGGTTTCAGTTACATGGGGG,.((((((((((.((((..(.((((((............)))))))..)))).))))..........)))))),-29.200000762939453
sequence_80,GGCGGCCATCGCTGTCTGTGGAGCGGTGCACATACCTGGGAGCGCCTATGCGCGATAGGGCCTTCATTTGAC,((((..(((((((........)))))))..)...((((...((((....))))..)))))))..........,-24.799999237060547
sequence_81,GCGGCCGGCGTCCAGGGGGGGCAGTCACACTCCAATCCGATGGGACGGTTCGGTTTTCCGATTACTCGATGT,..(((((((((((..(((.((.(((...)))))..)))....)))))..))))))...(((....)))....,-20.100000381469727
sequence_82,TGAAGACGGCACGGCCCTTGTTTTAGGGCTTGAGCGGTGCGTGACTCCACCACCTTCGCGATTAGCGCGGGG,........((.(((((((......))))).)).))((((.(((....)))))))((((((.....)))))).,-26.399999618530273
sequence_83,GTACTCGACCGTTTCCGCCTGTGTTAGGCGGCGGACGAATCGGGTTTGGGTATCGACCGACGTCCCGACGGA,....(((.(((...(((((((...)))))))))).))).(((((.((((.......))))...)))))....,-27.600000381469727
sequence_84,GGAAGTCTAGCACCACGCGATCGCGGAACTGTTAACTGCCGCTTCGGTGTCGGTGGTCCTGGTGCTCGCGAG,(..(((((((.(((((.(((.(((.((((.((.....)).).))).))))))))))).)))).)))..)...,-24.700000762939453
sequence_85,GGGAGTTCCGTGCTCGCGCAGACGCTGGGGTGGCCGGGACCATAACCGCGTCCCAATACTGTTTTGATTCGG,((((((((((.(((..(.(((...))).)..)))))))))..........))))....(((........))),-21.600000381469727
sequence_86,CGTGGGCTCTCGGGTCCAAGGCGTGGTCAGGGGTTTTTCTGGGTTCAAACCGCATGGGACCACCCCCAGAGT,..((((((....)))))).((.((((((.(.(((((..........))))).)....)))))))).......,-21.700000762939453
sequence_87,GTGGCGGTCCCCTAAAAGTACGCTCCGGCTGTAGCATATGGCTATCCATTTGGTGCACGGGCCGGTGCGCGG,....................(((.(((((((((.((.((((....)))).)).)))...)))))).)))...,-24.700000762939453
sequence_88,GTGGCGCCTGGCACCTTGGCCGTATTGCTAACGTCGGTAACATCCGACGGTACACCGGGGGTGCGTCAGTGT,.((((((...((.((((((..((((......((((((......)))))))))).))))))))))))))....,-28.299999237060547
sequence_89,CCACGTCGGTCTGGCAAGGATCAGGGTGGAGGTAGTTGCGGCCACCGCGGAGTATCGATTGCTTGTCTCCCC,((((.(.(((((.....))))).).)))).((((.((((((...)))).)).))))(((.....))).....,-20.700000762939453
sequence_90,AGGTATTTGTGCGACCTACCGGCGATGGGCTCCATCGGCGAGCGCGGCGATGCCCTGAGTAGGTGCTCTCTA,.((((((..((((......((.((((((...)))))).))..))))..))))))..((((....))))....,-25.200000762939453
sequence_91,ACGTGTAGCCCCGACCGCGCTGGCACTCCTTTAGTGGGGACCCGAGGGGATTTTGCAGGTTCCGCGTTGAGA,(((((.((((.(((((.(..(((..((((......))))..))).).))...)))..)))).))))).....,-20.700000762939453
sequence_92,CCTGGTCCGCGGCGTCCACGTAGTGGAGAGTCTCACCGGGGTATTCGGTTGCAAAGCCTAGGTTCCCGGATG,.((..(((((.(((....))).))))).)).....((((((.....((((....)))).....))))))...,-23.899999618530273
sequence_93,CCGTTGGTCCGTTCTATACCAATGGTGCCGGCGGTAGGGACCCTCGGCCTCGGAGTGACCATGACTGAGTGG,(((((((((((((.......))))).))))))))......(((((((.(..((.....))..).))))).)),-24.0
sequence_94,CCGCGTCGCTCTTCATGGTTGGGCATTGAAGGTTGGGGGGCTCCCGCAAGGTTGACGCAACGATTAGGCCCC,..(((((((((((((..((...))..))))).(((.(((...))).))))).))))))..............,-20.0
sequence_95,CATGGTAGGCAGGTCCTCGGTGGTCAATGACGTGCGTAGCTAGTTACTTCCTCGCCGCGCCGAAGGGCGGTC,...(.((.(((.(((....(....)...))).))).)).).............(((((.(....).))))).,-20.200000762939453
sequence_96,TTGCACCCTTGCGTGCAAGCGTGAGCGCTACTCGCGGTCGAAATGCTGGGCCGGTCTCAGAGGTGTGGCATC,((((((......)))))).((((((.....))))))......((((((.(((.........))).)))))).,-25.299999237060547
sequence_97,CTGAAATCGGGCCGGCTTGGTGCCCATTTAGGCCTGGTGAATTCGGCGGCCTCTGCGGACAAGCAGGTTGCC,.....(((((((((((.....)))......))))))))......((((((((..((......)))))))))),-29.5
sequence_98,GCGTCCTGTTCCGCGCAATGCGCTGCCCATTCCTGGTGTGTAAGGGTGGTGTAGGACACGACAGGGCATCGC,..(((((((..((.(...((((((((((.((.(......).))))))))))))...).))))))))).....,-26.0
sequence_99,AGACCTGCTGCGACAGTCGTGGGGTGGCGGACCATTGACTCGCATCCGCATCTCGGTCTTGATGGGGCTAGC,........(((((..(((((((.........))).))))))))).((.((((........)))).)).....,-20.600000381469727
sequence_100,ATGCCCAGAGGGGCCCCCTAGAGGTGTTACCTTGCGAGGCTCCCGGTTGGCTGGTCTAGCGCCAAGTTTGAG,..(((....((((((.(...(((((...)))))..).))).)))....)))((((.....))))........,-22.700000762939453
sequence_101,TTAGCTGCACGAGCCTATGAGGGTGGACGCGGGTTGCCGTAGTCGCGTATCGGATTGCCAGACTCGCTCGCC,...(((.....))).......(((((..(((((((...((((((........))))))..)))))))))))),-23.200000762939453
sequence_102,TAACATCGGACTGCTGTGGGCGTACGTCTGGTCGAGGCGTCGCTGGAGGTTGACACCCTTCGGGAGCCACCT,.......((.((.(((.(((.((((.(((((.(((....)))))))).))..)).)))..))).))))....,-25.100000381469727
sequence_103,GTTGAGCCTCTCAATTTGTGTCAGATCGATCCGAGCCGGCGGGCAATTCGCGGGGCGCCATGTAGCTCGGGC,((((((...))))))..............(((((((..((((((...((....)).))).))).))))))).,-20.600000381469727
sequence_104,CAGCGCGCCTGGGGAGCCCATTGACGTCGCTACGAAGTGACCTTGCGAGGGATTCACTTGCTGCGTCGTGTG,..((((((..((.((((((.(((..((((((....))))))....)))))).))).)).)).))))......,-22.299999237060547
sequence_105,TCCTCCCCTCGTGACGGTGTGGAGAGGATCACTTAGAAGAGTTCCGCGGGCGCCGTTCAGGTCGGGCGTATC,..(.(((..(.(((((((((...(.(((..((((....))))))).)..)))))).))).)..))).)....,-25.100000381469727
sequence_106,CAGTGCGTGGGACTGGTACTGCTTAGGGTCGGTGGTCGTCTATGCGCCATCCGCAACCGGCGGACGCCAATT,..((((((((.((.(.(((((((...)).))))).).))))))))))..(((((.....)))))........,-24.299999237060547
sequence_107,ATGCCTCGCGGGCCGCGCTGGTCTACGGTTGGTCCAGGGGCTATATCGGTCGTGGAGCGCAAATCAGCCTAT,..(((((..((((((.((((.....)))))))))).)))))..........((((.((........)))))),-25.899999618530273
sequence_108,GTCCCTCTACTTCCTAATGGGTATCAGCTGAGCCAGGGGGAGTGGCTTGACGGGTGCAAGCGTCTCGGCCGC,.(((((((..(((....((.....))...)))..)))))))((((((.((((........))))..)))))),-24.799999237060547
sequence_109,TTCTGCCTTCCGTGGAAACCAGGAGTGGCGCGCGCGCCGTCTGAGGCTGAACGGTTCGTCACGGAGTTCTAG,...((((((((.(((...))))))).)))).(((.((((((.......).))))).))).............,-20.100000381469727
sequence_110,GTACCCCCAATTCCACGGCGCTTTGCATGATCCGTGTGGTGGCGACGTGGGGACACAGCTCGGATCTGGTGG,....(((((...((((.((((............)))).)))).....)))))...((.(........).)).,-21.899999618530273
sequence_111,TGGACGTCAGCGCGTAGCTGCTTTTGTGGATCCGCACGCGGGTACGCGAGCGCGTAATGCGATCCATGGCTC,(((((((..((((((.(((((((.((((......)))).))))).))..))))))...))).))))......,-26.899999618530273
sequence_112,ACTGAGCTCCGTACAGTGGACTGGTCGACAACTTCGCAGGTGGGGCTTTGGCCGGTGTTCACGCAGTGCGCC,...((((((((..(.(((((.((.....))..))))).).)))))))).(((((.(((....))).)).))),-21.600000381469727
sequence_113,TAACGCGACTTGGAGCCGGGCCCACCTACTCGTAAAGGGTCCTCCGTGGGTCTTGGCTGAGTGTGCGGCATG,...((((((((..((((((((((((..((((.....)))).....))))))).))))))))).)))).....,-29.299999237060547
sequence_114,GGGCGGCTCAGAGGACTTCGTTTCTGAACCGCCCTGCCGTGTAGATTGGACGCCTCCTTGTGGGAGAGGACC,((((((.(((((((......))))))).))))))....((((.......))))(((((...)))))......,-27.899999618530273
sequence_115,ACACTTGGCGGGCTCATGGGGCCGAGATTAGCAACCGTACGTCATGCGTGGGGGCTCGTTGGCTCATCTGCC,......((((((......(((((((....(((..((.(((((...))))).)))))..))))))).)))))),-24.899999618530273
sequence_116,GGCGCGGCAGCTCAGGGTACTGCTGGCAGCCGCCGTTAGGCTGTGATGTACATGTGTCTCCGCTATGACGAC,...(((((.((((((....)))..))).)))))((((((((.(.(((........))).).))).)))))..,-24.899999618530273
sequence_117,GCTTTGAGTGCAGGAGGAGTGTTGTTCGAATGCCATGTCCGGCCGCTGCATCGGTGAGCCCCTGCGCACAGC,...(((.(((((((.((((((((.....)))))....)))((((((((...))))).)))))))))).))).,-24.299999237060547
sequence_118,CAAGTTGGTTGTCCGATCCATGTTCCTGCGGTTCCAGCTGCGCATGGCCAGGTCACGGGAGAGGAGCCGCTG,...(((((....)))))..........((((((((..((.(.(.((((...)))).)).)).))))))))..,-23.100000381469727
sequence_119,AGCGAGGGGTAAGGCGGCTTACACGGCCCTGGTTCCCCCACTGGAAGTGCGGGGGGTGTCCAATTTTCTCTC,.((.(((((((((....)))))....)))).))(((((((((...)))).))))).................,-24.200000762939453
sequence_120,GGACGTCCATTTTTGTAGTACCGGTACACCCCGGGGTGCGGGCCTCGGGATGATGCCTACGGAGACCTTCGG,(((.(((....((((((.....((((((.((((((((....)))))))).)).))))))))))))).)))..,-26.0
sequence_121,GGCACTACGTGGGCCGTCCCTAACCCCCATCTTTATCGAGGGTTAAGGGCGGTCACCGGGTTGGGTTGGCAG,(.((((((.((((((((((.((((((.(.........).)))))).)))))))..))).))..)).)).)..,-27.899999618530273
sequence_122,AATCGGTCGTCGGTTGACTGTCGACAACGGTGCGGTTTGGTCGCCAGCTATGGGTCGGCGACTACGGCCCAC,.....((((.(((....))).))))....(((.((((((((((((.(((...))).)))))))).))))))),-29.100000381469727
sequence_123,CCGGCGTCGTGCTGATTGAGGCGATGGCGCTTCGGCAGTGTATTCCCCAACTAGCGTGCGTAGACCCGTGAG,.(((.(((..((((.((((((((....))))))))))))((((.(........).))))...))))))....,-20.5
sequence_124,TGTAGGCAGGACGCCCTACTTGAGTGCTTACCGGGGGCTGCCTGAAGTGAAGTTAGCCCGCGTCGCGCCGTT,.((((((.....).)))))....((((....((.((((((.((.......)).)))))).))..))))....,-24.700000762939453
sequence_125,AGACACCTGTGGAAAGGTCGTTGACGGGCCTTGACTACCCGCCGGTGCCCGCCGGCGATGGTTTGTTTGACG,(((((((.((((.((((((.......))))))..)))).(((((((....)))))))..)))..))))....,-25.5
sequence_126,CCGTTCATCCTTTGCGTCTCGCGGAAGGGCCCGCACGGAGTGTAGGTCATTGAACTGACGTGCAGGGCGCTG,..........((((((...))))))((.(((((((((.(((.(((....))).)))..))))).)))).)).,-25.200000762939453
sequence_127,GGCCGCGGGCGGTTCGTCCTTCGTGGATCAATGCGCCCCAGACATTACGGGAGCGTCTATCGTAGGGCAGTT,.((((....))))..(((((.(((((......(((((((.........))).))))))).)).)))))....,-22.100000381469727
sequence_128,TACTCGATGCAGCTCCGTGGCGGTAAGAGAAGGTCCTCGTCGGCGTTCATCGGTGCCGTGCCGGACTCTAGG,..........((.((((..((((((.(((((.(((......))).))).))..))))))..)))))).....,-23.0
sequence_129,GCGTTCACAATCCCATTATACGGGGGGGCTGTGACATTTCTCCATCCGGAGCGCGGCGGCTTGTACGGGGCG,...........(((....((((((...((((((......((((....))))))))))..))))))..)))..,-20.399999618530273
sequence_130,CACGGCTGCGGCCCGCGGAGCTGCGCCTGGGGCGTTGAGCATAGTGTTTGAATGCGTCTCAACGATCGTCAT,...(((.((((((....).))))))))((((((((((((((...))))))...))))))))...........,-24.100000381469727
sequence_131,GGGCTTTTTGCGCGTCTCTTCCGTCACTATAACAGCTGGCTGGCAGCACGCGGCAGGCGGGAGCATGATGCG,..((.....))(((((.((((((((.........((((.....))))........))))))))...))))).,-24.200000762939453
sequence_132,AGGCTGCGGCATCGTTTGTGCAATCGGTCGCATGTGCGTGCGAGAGAGTGGCAAGTTTACCCGCTCCCCGCG,.((..((((.....(((((.((.((..((((((....))))))..)).))))))).....))))..))....,-22.100000381469727
sequence_133,TAGCTCTCCCCGCTCGACCGGGGTCGCCGGAGTTGCCAAATAACACGCTTGTTGAGGGGCGCTGGTTAGGGT,..((((((((((......)))))..(((((...((((...(((((....)))))...))))))))).))))),-22.399999618530273
sequence_134,GTGGGGACGGTCACGACGAGCCGGGAAGTGCTAGTGTCTGCTCAGTCGTCTGCCTTGCCACTTAGGATGCCC,((((.((.(((.(((((((((.((.(........).)).)))).)))))..))))).))))...........,-24.100000381469727
sequence_135,CTCAGCGTCCTTACGGAGGCCGAGTACCGTTGTAGGGTCCGGTTCCGAGAGGCCAAGCCTGTGGTGGTCATC,......(.((((.(((((.(((.(..((......))..))))))))).)))).)..(((......)))....,-23.100000381469727
sequence_136,GGCGTGCGGCCTCAAGGGTATTCGGGCAGCGTCCGCCAGTTCTTGTGCAACCTATGCGCTGGGGCACGTATA,(((((((.((((.((.....)).)))).)))..)))).(((((.(((((.....))))).))))).......,-26.100000381469727
sequence_137,GGGACTCCGATTTTGCTTCTTCGCATCGTATCTAGGCGAGAGCACGGGAGCGCCCTGGGCGTGGGCCACTGA,(((.((((.....(((((..((((...........)))))))))..))))..)))..(((....))).....,-22.700000762939453
sequence_138,CTCATTGGCTACACTTTGGTCGACGGATACTCAGGGATAGGCCAACGCCGTGGGCGGGTTCCGTCGCGTGCG,....((((((...((((((((....)))...)))))...))))))((((((((.(((...)))))))).))),-24.0
sequence_139,TCCAGGCTATCGGCGCCTGATAGTCAAGAGGCGAGGTTGCGCTGTGCTCGCCCATGAGACTGTGGGCTCCTG,...........((.((((.((((((.(..((((((...........))))))..)..)))))))))).))..,-26.399999618530273
sequence_140,CTCCTTCGAAGTGGGCATGTGGACGAACGCGCGGATAGCTGGTTCATCTGCCCGCGGACTCGTGCAGTTCGG,..........(((((((.((((((.(..((.......))).)))))).)))))))(((((.....)))))..,-24.799999237060547
sequence_141,CGAGGTTTTTGGTGTTACAGCGCGAGCGTCAAGCCACGCGCTGTTTCGAGGCCTACGCAGGTGGCTGCGCCA,..(((((((....(..((((((((.((.....))..))))))))..)))))))).(((((....)))))...,-29.899999618530273
sequence_142,TGAGTCCTCTGCGAGCACGCGGGGGGTGCGCGCATGCCGGGTATCCGCTATCTTCACTTAGACAGAGGGCTT,.((((((((((((((.....((.((((((.((.....)).)))))).)).......))).).)))))))))),-28.700000762939453
sequence_143,GGCGAGCTAGGTTGAAGTCGCATTGCTTAGATGGTAGGCGCCCAACCGCCGTGCCTTCTCTGGCGCTAGCGG,((((..(((.(((.((((......)))).)))..))).))))...((((.(((((......)))))..)))),-25.100000381469727
sequence_144,GACAGACGGGACATTTTGTTGGGGTGGCACATTCCCTTCACGCCGTGCCCAGCTCCTGTGGGTGAGGGGACC,.....((((((......((((((.((((.............))))..)))))))))))).(((......))),-21.5
sequence_145,ACGCGAGTGGGTCAGTCGTGACACGAATCCTGGGCGTGGCCTATACTCGCATCCGCTGTTGCTTGAGGCCGG,..(((((((((((((((...............))).))))))..))))))..(((((.........)).))),-21.5
sequence_146,CAGGTTCCGCTCGCGTTTACCGGGACGCGGGTGCGATGGGACTCGTTCACGAATGCCGTTTCTAACACGGGG,..((((((((((((((((....)))))))))).....))))))............((((.......))))..,-22.799999237060547
sequence_147,TAATTTCGAAAGATAGCGGTGTTCGGGCCTGGGTGGTCACGATGCCCGGCACTCCGCGGTGCTGACGTGCCC,...............((((.((((((((.(.(.......).).)))))).)).))))(((((....))))).,-25.799999237060547
sequence_148,ACGGGTACGTTGGTGGACATGCTATCGGTCGCCCGCTCTTGTTCGGACACAAGGGCAGGCGGTCACGTCTCG,.((((.((((.(((((.....)))))(((((((.((((((((......)))))))).))))))))))))))),-29.299999237060547
sequence_149,GGCCGGACGCACCCGTTGCGTGTCTCCGATACCTGGCGTGCCGGATAGGTTATTGATCCAGGTAATCGGGGC,....(.(((((.....))))).)(((((((((((((...(((.....))).......)))))).))))))).,-26.600000381469727
sequence_150,CGGGTGCCTCTCCGCCTCGGTCGGAAGAGTCTAAATGCAGTGCTGGTCGTGGTTGGTCTACGGCACAAGCGC,....(((((((((((....).))).)))).......)))(((((((((((((.....))))))).).))))),-22.100000381469727
sequence_151,CGCGCCAGAGTTCGGGCCCTATGAATTCGGGTGGAGTAACAGGGCTCCGTTGTGGCCGGCTCGACGTCTATC,((.((((.((..((((((((....((((.....))))...))))).))))).))))))..............,-24.299999237060547
sequence_152,ATCGCACGAGTAGGCGGGGGTCGCACCGCTGTACTTAGGCGTTTTGCGACCCGCTCGTATGGTAAGCCGGCT,((((.((((((......((((((((.((((.......))))...)))))))))))))).)))).........,-28.200000762939453
sequence_153,GTAACTTGGGAGCTCCCGGGGGGGCTGACACCCTCTTCATTGGCGCCGAAGATCACTTAGGGCTTCCGGGGT,....(((((((((((..((((((.......))))))((.(((....))).)).......)))))))))))..,-24.200000762939453
sequence_154,TCGCGACTGAACGCCGCTGTCCGCGGAAGGAGACGGGTTAGTCCTTGGTTGTAACTACCCGCCGTTGGGGCT,....((((((.(.(((.(.(((......))).)))))))))))...(((.......))).(((.....))).,-21.399999618530273
sequence_155,GTGGCGTCGTTTCCCACTGAACGCGAACGACTGGGGCGTTCCGCTTTTGGGTGCCGACGCTGCCGGAATGAA,(((((((((...(((((.((((((...........)))))).)....))))...))))))))).........,-27.700000762939453
sequence_156,CTGTAGCGCGGCGTGTTAACTCGAGCCGGGACACCGCTGGCTTACCAGCGTCTGGGTATATCTGTGCGAGGC,.....((((((.((((........(((.((((...(((((....))))))))).))))))))))))).....,-25.100000381469727
sequence_157,CTCTGCCCCATTGAGGGGCAGAGCCCGTTCGTACGGGCCATGTGTGAGGTGGGGACGCGTAACTGCTTCTCA,.((((((((.....))))))))((((((....))))))....((.(((((((..........))))))).)),-34.400001525878906
sequence_158,GACTCCTGAGATTCAGCCGCCCAGTCGATATCTTGTGCCGGGTGGTCCGTCGCTGCTCGACAATGGGAGGGG,..(((((........(((((((.(((((....))).)).)))))))..((((.....))))...)))))...,-22.100000381469727
sequence_159,CGCCGCTGCATATCGTAGAGGAAGGACCCTCGACCTCGCGATTGAGTCGTATTGGGGTCGCGCGGCTCGTGT,.(((((.((........((((......))))(((((((((((...)))))...)))))))))))))......,-28.200000762939453
sequence_160,CGCGCGGCTGCGTGGGGGAGGGCCTACGAGCTACACGTTCTACACCTGCCTTCGTTTGGTCATTGGAACGGA,.....((((.((((((......))))))))))...(((((((.(((.((....))..)))...)))))))..,-24.5
sequence_161,CGAATCCTGACCGCATGTGGGGCGCACTCCGCGCGGGGTGACCATCTTCTGGACTGCGGGGCGATAATGTTT,((..((((((((.(.(((((((....))))))).).)))..(((.....)))....))))))).........,-19.899999618530273
sequence_162,AGGCTGTGCACCCCTCGGTCTTATTCTGGGAGGGCGTCGAGACTTAAGTAGCTCAGCGACGGTCGCCGGCGT,..((((.((.((((((((.......))))).)))(((((.((((.....)).))..)))))...))))))..,-23.0
sequence_163,CAGGCGTGGTCACCCGCGGTGGCGATGCAGCTTGGTTATTCCTGGTCACGAAGGGCACACGTCGCGGTTTAC,...((((.((((((...)))))).)))).((...((...((((........))))...))...)).......,-20.700000762939453
sequence_164,GGGGGGCATGGGGGTGTTTCTTTCGGTGGGTGCTCGGAACCCACATGCGATAACAGCACCCTGACTTCCGCC,((.(((..(.((((((((....(((((((((.......))))))...)))....)))))))).)..))).)),-31.399999618530273
sequence_165,GTTAGGTTTGCGCTCTTGCCGGGACTCTGGTGTAACCCTAGCGCACGCTAGCCCATCGGGGAGCTGACAGGG,..............((((.(((..((((((((.....(((((....)))))..))))))))..))).)))).,-22.5
sequence_166,GGTTTTTCTATATGGCGCCCTGGCGATCGTCTCGGGGCGGCAGATTACACGGGCCGGGCCGCTAAGACTACG,(((((.......((.((((((((.((...)))))))))).))........))))).................,-21.200000762939453
sequence_167,CCCTGGTTTGGCGAAGCCGATCTTGACTCGTCCGTGTGTGCACCTAGCTAAGAGCCCGTGGGCGGCGGGAAT,...((((((....)))))).(((((.(.((((((((.(.((............)))))))))))))))))..,-19.299999237060547
sequence_168,GTTTGGACGGCGCAGGTACCTCCTACTAGGTCGCGGGGTTCCACGGTTTGTCTGCGCGGCAAAGCGTCACGA,........((((((((.....))).....((((((.((.............)).))))))...)))))....,-19.700000762939453
sequence_169,TAGTTATGGATGCTCCTAGGGGGAGGGCGGTGCGCGATCCCGCTCAGGCACGGGGAATCCTCGCTTACCCTT,............(((((...)))))((.((((.(((((((((........))))).....)))).)))))).,-22.0
sequence_170,CTGAAGGTGGCGTCAGCGGCCTTCGCCCTAATATGACTGCGGATCGGTGAGTCGCAGGTTGTTCCGACGCGC,..((((((.((....)).))))))((......((((((((((.((...)).))))).)))))......))..,-23.700000762939453
sequence_171,CCGGAGTATAGGGCCGTCTCCGCGACAGAGCACGTGCGTCCGCGCGGGTTCGTAATTGTGGCATATTGCGTC,..((((...........))))((.(((((((.(((((....))))).)))).....))).))..........,-21.0
sequence_172,GAAGGGACGGGTGGGTATCGACTAGGCCTGTCGGCGCCCGGCGATGCTTCGCTATCATCTTCCGTCAGTACG,.....((((((.((((.(((((.......))))).))))(((((....))))).......))))))......,-26.200000762939453
sequence_173,GATGGGGGAGAGACTGATGCCCGGGGGTCTGACTTTACGACACTCTTCCCAGCCTGCACTCTTGCGTGGCGG,....((((((((.(((.....)))..(((.........))).)))))))).(((((((....)))).)))..,-21.700000762939453
sequence_174,TGTCCGGTACCGATCTCCGCGGACTTGCAGCTTTAAACGGCTGCAGGTCACCATGGCCAGTGCTTGGGGGGG,(.((((((((.(.((...(..(((((((((((......)))))))))))..)..)).).)))).)))).)..,-26.5
sequence_175,GTACACGGACCTTGGACTGAGGGGGATAGGCTCCTCTCCGCCGCGACTCGTGTGGTCACTGTATCGTGCGAG,...(.(((....((((..((((((......))))))))))))).).((((((((((......)))))))))),-22.299999237060547
sequence_176,TGCCTCGTATAAGCCGTGAGGTCCGTTTGACGGCCCATGGCCTTGGACGGCTCCTGCGAGACAGTGAGCGGT,.(((.(((.(((((((((.((.((((...))))))))))).)))).)))(((((((.....))).))))))),-29.299999237060547
sequence_177,GCCCCGTCGGGGGCGGTGGCCCAGCTTTACGTGCAGGCAAGGCAACGTAGCTCTTGGTTCCTCATTAGAGTG,(((((....)))))((.((((.((((..((((((.......)).))))))))...))))))...........,-25.200000762939453
sequence_178,GCATCGGTCGGTTTCCGATAAGGGACGTGACCCGCTGTGTATAGCCGCATGCCGCCGTCGTCGGCTGGATGA,.(((((((((..((((.....))))..))))).((((((......)))).)).((((....))))..)))).,-25.200000762939453
sequence_179,CTGTTGGCTAGCTGGCCTCCCTACAGTGGAGGTGGCTCCCACGTGACCGATGGGCGCGCTCTGTAAAAGGGT,....(((..(((..(((((((....).)))))).))).)))((((.((....))))))((((.....)))).,-24.399999618530273
sequence_180,GTCTATGGGGCTGAATTTTCCCCCCGACCGTGCGGACAGGCCCCGGTGGCGGTGCATGTAGAGGAAGCTCTT,(((..(((((((...........(((......)))...)))))))..))).........((((....)))).,-21.0
sequence_181,GAGCCCCGAATTTAAGAGTCGCTGCTCGTTGCAAGCGGCCAGGTTGGCGACTCCGTTCGGCTGTAGGTCGCG,((((..(((.........)))..)))).......((((((.((((((((....)).))))))...)))))).,-23.600000381469727
sequence_182,AGCCAAGAGGTTGAGGCCGTACCGCGTGTTGGCCGTCCGCCGCTTAAGAGGGTCGCATCGTTGCTTCCTGAG,....(((.(((.(((((((.((.....))))))).)).))).)))...((((..(((....))).))))...,-21.399999618530273
sequence_183,TGCCGCACGGAGGGTCTGCCCCCTCGTCCGATGGGCGCGCATGGTGGCTTTGTAGATTGCACGAAATAGTCG,.(((((...(((((......)))))((((...)))).......)))))......(((((.......))))).,-19.200000762939453
sequence_184,TCAGGTCATTTCCGTCGCCGAGGATTGCGATCTGCCCTGCGGTTGGCCATAGGGCGCGCGAAGGCAGTTCAG,...(((.((....)).)))..(((((((..(((((((((.((....)).)))))))...))..)))))))..,-24.0
sequence_185,CTCGGGGCTGCGGGCATGAGTTACTTAGCCTCGGATAGGAAAAGTGGTCCAGTTCCTCCGCCCCTCGGGGGT,(((((((..(((((..((.(((((((..(((.....)))..)))))).))).....))))).)))))))...,-24.200000762939453
sequence_186,GTGATGTATTAACTGGGCGTCCGACTCCTGGGTGCCACAGGGCCACCCCTTTGGGACTGGGCTGGCGGCAAT,............(((((((((((.....)))))))).))).((((.(((.........))).))))......,-24.600000381469727
sequence_187,TCTCCCCCTGGGGTACGGTAGAGGCCGTTGGTACCAAGCGTTCTCGGCGTAAGCGACGGTGGTACGAGTTCC,..((((...)))).(((((....)))))(.((((((..((((....((....)))))).)))))).).....,-21.399999618530273
sequence_188,CTCGAGTGGTCTCCAGACGATAGGTATTGGGGCCGCTGAGCTCTTACGGGACCATGGCATGCCGCTTCGGCG,(((.(((((((.((((((.....)).))))))))))))))(((....)))..........((((...)))).,-24.299999237060547
sequence_189,GGGCCATACCGTAGTGGTCTGGCTCCAGGCTTTTGGGAAGTGGATCGGCAACCGCGGTTCAGTCTCCCAGGC,((((((.(((.....))).)))).))..(((..((((((.(((((((.......))))))).).)))))))),-29.700000762939453
sequence_190,TCCGGGTGGACCCCTGCTGATCTTGAAGTTTCCACGTCGCCAGTCGGGGGGAGGGTACTTGAGCATCACGCG,...(((.....))).((((((.((.((((.(((.(.((.((....)))).).))).)))).)).)))).)).,-20.600000381469727
sequence_191,GTACCGCGCCGCTTGGAGCCCCGGCCCATACTGGTGGCCGATTTGGCGTTGAAGTATGTCTGAGGACCAGGT,((((.((((((..(.(.(((((((......)))).)))).)..))))))....)))).((((.....)))).,-22.799999237060547
sequence_192,GTCTTGCCACCGAACCTTAACTGCCCGTCGGGTGGGACGGGCATTTGAAAGATTGGTCCGGGTCCCGGGTGC,........(((((...((((.((((((((......)))))))).))))....)))))((((...))))....,-26.700000762939453
sequence_193,CTGGGGTCGGTGCACTTGGATCTGAGAGAATGCCGGACGGCACGCGCTGGCCTAAGCCTCTGTTCGCTGTCA,((.(((((.(......).))))).)).........((((((..(((..(((....)))..)))..)))))).,-23.299999237060547
sequence_194,TCGGCTCGTCCAAGGGGCGCTTGGTGAGCCCCGGGGATCCTTGTACCAGCGCTTGGCACGAGCGTGATAATT,((((((((((((...((((((.((((.....((((....))))))))))))))))).)))))).))).....,-28.100000381469727
sequence_195,CCGCGTCGGTGGCCCGCTGTGCTGAGAAGGGTAGCGTTCCCTACGTGCATAGCCGAATTGCGCGTAACGGTT,.((((.((((.....(((((((...(.((((.......)))).)..)))))))...))))))))........,-24.200000762939453
sequence_196,GGACTCCCCCGCAGTGATGGTATGAGTCTCGGGAGGGCATCTCTCAGCGGCTTAGTGGTCGGATTAGCCCGC,((((((..(((......)))...)))))).(((((.....))))).((((.(((((......))))).)))),-21.100000381469727
sequence_197,AACACCTGTCGCTTCACTTAAGACTCGCGCGCGGCGGTCGATTGGGGTGTCGGCTTAGTAGCGGCGTAGCCG,.......(.(((((((.....(((.(((.....))))))...))))))).)((((..((....))..)))).,-23.200000762939453
sequence_198,GGGGGACATGCCCCCTCGGTTTTATTCACTGGCATGGTTTGGGACCATCACGGTGACGACGGGCGGAGCTCC,.((((...(((((..(((.......((((((..((((((...))))))..))))))))).)))))...)))),-27.700000762939453
sequence_199,GTATCTGATGCGCGAAAAAGGTTGCGGGTGAGGGCCCTCCTGCGCTCGCCCGGTCGCGTCAAGGACGTTTTC,((...(((((((............((((((((.((......)).))))))))..)))))))...))......,-27.899999618530273
sequence_200,CGGGCGCTTGCACGATCGCGGGAATCGGTTGAGACGTCGTGGATCCGACTTCTACTTCTGAGGAGCCGTGCC,((.((....)).))..(((((...((((..((((.((((......)))).))).)..))))....)))))..,-22.0
sequence_201,CGTGTGGCCACCTCGGCGGAGTGGTTCTAGTTGCCCACACGAGAATCGAGCGCGTCAGCCTGTTGTGGCAGT,(((((((((((.((....))))))..........)))))))................(((......)))...,-20.5
sequence_202,GGGCCTCATCTATACTATAGCCCCCTTTCAGGCCGGTGGATGCACGCGGATGGGGGCCTGGTCATAGCGGTG,..(((....((((((((..((((((.......((((((....))).)))..)))))).)))).)))).))).,-25.299999237060547
sequence_203,TCGAATCCTCATTGGGGCACCCTTGGGACAGGTGGCACGGCTGTGGGGCGACCTCGGACAGTCCTGCTTTAG,.....(((.((..((....))..))))).....((((.((((((((((...))))..)))))).))))....,-21.600000381469727
sequence_204,GCTCATTTTACGTCCCCTGAAGTGATGGCCCAACTGGGGCCGCGCCGGGAGGGGGAAGCTGTTCGTCGTACT,(((.........((((((...(((.((((((.....))))))))).....))))))))).............,-25.100000381469727
sequence_205,GTGATCTGAGAGGCGCCGCCGGCGTGTGCATCTCCCAGGTGTGGGGACTGCAGCGCATGACTTAGCCTTTAC,........((((((.......((((.((((((.((((....)))))).))))))))........))))))..,-25.700000762939453
sequence_206,AAAAGCCTCTTTCGGGGTCGGCGTGCCGGGCGTCAGTTGGATCTTGGGCGTCAGCCGCATTAAGCGCTCCAG,....(((((....))))).(((((.(((((.(((.....)))))))))))))(((.((.....)))))....,-21.399999618530273
sequence_207,CACTTGAAGGGGCTTCCAGATCACGTTGGGGGGCATTGCCCGGACGACTGTTCTGGCAGGGCCTTGAGCTCC,..(((..((((.((((((((.((.((((..((((...))))...)))))).))))).))).)))))))....,-28.600000381469727
sequence_208,ATTTTGCAACCGAGTCTGCCTGCCTGAAGAGCGTCGCGACAGGCTGGCCGTCCTGGTGGGAAGTGTGCCCTG,(((((.((.(((.(.(.(((.(((((....((...))..))))).))).).).))))).)))))........,-22.899999618530273
sequence_209,TTGGGCCCCGATTGAGCCCAGGATGGTGCGGCTGAGACCAGCGTTGACCGTCGTACGCATTGCTAGGTTGCC,(((((((......).))))))((((((...((((....))))....))))))....(((.........))).,-23.700000762939453
sequence_210,TGTCCATGTGGCGCTAAGCGGCTTCGGCAGGCAGAGTTTGGTACATTTGGGGACGCCCTGCGTGCCAGCCCA,((((...((.((.....)).))...))))(((......((((((....(((....)))...)))))))))..,-23.899999618530273
sequence_211,ATTGTTACTGGCTGTCTTGCCGGACCAGACCGAGCCCCCTGGCGCACACGCTGTGGGTGGGGGATGCTAGTA,.....(((((((......(((((......))).)).((((.((.((((...)))).)).))))..))))))),-27.600000381469727
sequence_212,GTTCCTCGGGTCTGGCGCCCAGCTGAAGAGCCTCATTAGCGGTAGGAAGCGATGTTGTTCACGCGGGTGCCC,.............(((((((.((((((.(((.((....((........)))).))).)))).))))))))).,-25.299999237060547
sequence_213,GGTTTGCGAGCCTCACGTAGCCTGCGTCCTTGGGCTCGAAAGTCGTGGCCAGGAGAAGCTCCGGTTACCGTG,(((((.(((((((.(((((...)))))....))))))).)))))((((((.((((...))))))))))....,-26.5
sequence_214,GATATCAGAACGCTCGTCCGCTCGATGTTTCGCGGATGGTATGCACGTGCCCGGGTCGGTCGAGCGGCCATG,.......(..((((((.(((((((.............(((((....))))))))).))).))))))..)...,-24.600000381469727
sequence_215,CGAAGTATTATGCGTGAAGGTTCCCGCGGCTCCAGGTCCAGGGCCCCATGGGCCTAGGCGAGTGCTTCGTTG,(((((((((.(((.(..((((((..(.(((((........))))).)..))))))).))))))))))))...,-27.299999237060547
sequence_216,CGCGTCCATATCTCGGGTGGAAGTGACCCCAATGGTGCAGGCTCGGTCGGGAACGATTTCGTGTCCCGGGTC,.(((.((((.....((((.......))))..))))))).(((((((.((.(((....))).))..))))))),-23.899999618530273
sequence_217,GCTGCCTGCGTAGCCGGTGTGCGCGGCCAATACGTTGAGCGGTTTTCTGTCGGCATGAGGCCCCAAGACTGA,(((((....)))))((((.((.(.((((..((.(((((.(((....)))))))).)).)))))))..)))).,-23.0
sequence_218,GCAAGGCGGTCGGGAGGAACGGCTGTGCCTACGAGTTTTGTGATCCTGACTCCTGTAGCTGACTCCCGGGCC,....(((..(((((((...((((((....((.(((((..........))))).)))))))).)))))))))),-23.899999618530273
sequence_219,GATGGATAGCTTCCGCTGCTCGAGGGGCAGTGCCCTGACCAATCTAAGGGCTGCCCTTAGGCTCGTGTGGCG,...(((.....)))(((((.(((((((((..(((((..........)))))))))).....)))).))))).,-30.799999237060547
sequence_220,AGTAGCGACGTTTCATCGCGCGTACGACCCACTGCGTAGGAGGGGTTTCCTTGCCCCGATTGGGGCGGTCGA,.((((((.((......))))).)))(((((.((.(...).)))))))...(((((((....)))))))....,-26.399999618530273
sequence_221,ACTGGACTGGCACCTACCGATAGCGGGGGGCTCCCCCTCATCTTGGTGGGGGTTTAGCTGTGCGACAGTGAC,.(((((((....((((((((....((((((...))))))...)))))))))))))))((((...))))....,-27.100000381469727
sequence_222,CTTGCAATGTCGTTCAGTACGCGGGAGCTTGAGCCGTGGTCGGTATAGCCAACGTAGTGGGCCCCGGTCCGC,...........(((((.((((..((...(((.((((....)))).)))))..)))).)))))..........,-18.5
sequence_223,GAGTTATGAGTTTCTGTCATCCGACTTCCGCGCGGAGAGAGAAACGCCGGTGTGCCGGTCGGGCTGCCCCGT,.........((((((.((.((((.(......))))))).))))))(((((....)))))((((....)))).,-26.899999618530273
sequence_224,GGCGTTTGAAGTGTAGTGGGTCTCTGGGACGGCTCGCCCCGAGGGGCACGACTCTATGTTCTGCACCCAGCA,((.((..((((((.(((.((((((((((.((...)).))).)))))).).))).))).))).)).)).....,-21.700000762939453
sequence_225,CCACCACACACCGGCACTACCGAGGCGGTCTTAGGGTGAGTGGTGTCTTTTCTCCCCTGGGAGGTGGGGTAG,.((((((.((((......((((...)))).....)))).))))))((((.(((((....))))).))))...,-26.5
sequence_226,GCTTCATGCCAGGGGTGAGCCCTGGGGCGCATTCAGATGCGATGCGGGTCTTCAAATGTGCTGGACCGCTCC,........((((((.....))))))((((((((.((((.((...)).))))...))))))))(((....))),-26.700000762939453
sequence_227,CTGGGCACATCCGCAGCAACAGTGCCGGGGTTGGAATTGTCCGGGGGCATCGTACCTCCCTTGTGTGTGGCA,(((.(((((.((.(.(((....))).).))..(((....)))(((((........))))).))))).)))..,-21.0
sequence_228,ATTCGGGGGGTAAGCTCTGTCGGGAAGCAGCCCCTGTTCCGTCGAGACACTGATCGCCTGTGAGGTCGCGTC,...((((((.(..(((((....)).)))).))))))....(.((.(((.((.((.....)).))))).)).),-19.899999618530273
sequence_229,GTCTGCTTCGTAGCCCCATGCGGGGTGATGCGCTCCTGAGAGTACTTCGGTGCCAGGAGTCAGGGCCGTCAA,....((((((((......))))))))((((.((.(((((..((((....))))......)))))))))))..,-24.299999237060547
sequence_230,TGGATGCAGACAGGGGGCGGTTTTTAGCCACGCCTGCCCTCTGTCCCCAAGCCGGGCATACGGGTTAGTGTG,........(((((((((((((..........))).))))))))))(((.....)))(((((......))))),-28.299999237060547
sequence_231,ATCGATCAGGGTTGGGGACGTACCCCTGCACTTGGCTGGCATAGGTGCTCGGGTGCCAGAGACTCCGTTGCC,.....(((((((.((((.....)))).)).)))))..((((..((.((((........))).).))..)))),-25.700000762939453
sequence_232,CCACGTTGTCCGTGGTTATGCTGGTTTAGAGCCTGAGTCCGGGGGCTAGGCCTCGCGGCAAACACCGGGTCA,(((((.....))))).......(((((((..((((....))))..))))))).(.(((......))).)...,-24.600000381469727
sequence_233,GTAGGGTTGTCCTGTGGGTCTGTGATTCACGCCTCGTTGGGTGACTCACGGAGCCACCCCGCGGGACGCAAA,.......((((((((((((((((((.((((.((.....)))))).))))))).....)))))))))))....,-35.599998474121094
sequence_234,CGGTTTGGAGCCGTATTCGGCGATATTGCCATATACGTTGCGAAGGCGTCCTGCCCCGCGCAGGGCATGCGG,...((((.(((.((((..((((....))))..))))))).)))).(((((((((.....)))))))..))..,-25.600000381469727
sequence_235,GGAGGGACGTTAGGTGGTTGCTCCAGGACACCTCCGCCACGCGTGCACGAGTCCCGTTTGGCACGAGTGTTT,((((.(((........))).)))).(((....)))..(((.(((((.((((.....))))))))).)))...,-25.700000762939453
sequence_236,GAGTTTTGTTTATAGGGGGGGTCCGCTGGGTATGGACCAACCTCCAATGACTAGGCCGTCCGCGGGCCCCGC,...............(.(((((((((..((.((((.((...............))))))))))))))))).),-27.899999618530273
sequence_237,TAGCCACAGCGGCCGAGGGAGGGTTCTACTATGCGACTGTGTCCTTGGGACCCGTTCGTGTGACCCCGAGTG,....((((((((((((((((.(((((......).)))).).)))))))...))))).)))............,-20.299999237060547
sequence_238,GCGCCTTCGATCGCGGCAATACGCCTTGTGGGCAATTATCGGGGAGCCAGCAATCGCTTGGGGCGTGTCCGT,..((((.(((..(((......))).))).))))......((((.(((((((....)))...))).).)))).,-23.5
sequence_239,CGAGTGCGCGCGTCCGCTGATAATGGCCCGTACTTCGGCACTATATACTGTCGCGAGCGGGGTGCAGGGCTT,.((((.(((((.((((((((((((((.(((.....)))..))))....))))...)))))))))).).)))),-24.0
sequence_240,CCAAGTGATGCGGGACGCATTGGGGTTCCCTGGGGACAGATCTATTGGCCTAGGCTTAGCCCGCCCTCGGTG,......((((((...)))))).(((((.((((((..(((.....))).))))))...)))))(((...))).,-21.700000762939453
sequence_241,GTGCGGGTGCCCTGGTATGCCACCTGATCGGCATCTGCGACTGTTCGCCACGGGTCGGAAAGTCGATAGTGC,..(((((((((..(((.....))).....)))))))))((((.((((((...)).)))).))))........,-25.899999618530273
sequence_242,AGTTGCTCGGTGCGTAGCGGCTGCCGAACCTATGCTTCGTCGTCCGAGTTACCCGGTGAGGGGAGCATACCG,......(((((((......)).)))))...((((((((.(((.(((.......))))))..))))))))...,-23.899999618530273
sequence_243,CCAATGGTCGACCCATCTTACTCCCGGGAGGCCGGGTGAACGCGCTTTGTGAGCGCCTTTGGTGGATACGGG,((....(((.(((.......(.(((((....))))).)...((((((...))))))....))).)))..)).,-24.299999237060547
sequence_244,GGAGGGGCGATATATTCTGGCGTGGTCGTGGCTGCGCCGCTGCCCGGATGCTTAAATGCCCCACGATGCATC,...((((((...(((((.(((((((.(((....))))))).))).)))))......))))))..........,-26.700000762939453
sequence_245,TGCCTAGCGGCCCATTATCGGAGTGCCCGCTGGAATTGTGCTGCAGTGCTTGCAGCGATCGCGGGCTAGGAC,.(((....)))((......))...((((((........(((((((.....)))))))...))))))......,-25.0
sequence_246,ATCTCGCGGCTCTGTCGGGAGGTCGGAAGGTCGGCCTGCCGGCTCGTGGTCGTGTAACACGCTATATACGAC,....(((((....(((((.(((((((....))))))).))))))))))((((((((........)))))))),-32.0
sequence_247,TAGACAAAGGTGTCGCGATTAGCCCCTCCGAATTCGGGTACGGCCCGTGTCGGTGGCTGGTGCAGGCTGTCC,..((((.....(((((.(((((((...((((...(((((...)))))..)))).))))))))).))))))).,-27.600000381469727
sequence_248,CACCCCCCACAGATAGACTCAGTCTGAGGTCGGCGCTGTCTTTGGTTAGGGATGAGGCGGGGCGCGTTCGTC,......((.(((((.......))))).)).((((.(((((((...........))))))).)).))......,-19.299999237060547
sequence_249,GTCTGGCAGCCCAGGTCTTCACCCATTCCCTGCGAGGAACCCAGTACGGGCGAGGGGCTTTTGTGTAGTGGG,.(((.((((....(((....)))......)))).)))..((((.(((((((.....)))....)))).)))),-21.600000381469727
sequence_250,CGGTCTATTGGTCCGGCGGCCCAGAGTAGCAGTGTGTATGGCTTAGAGCGCATACCGGGTGCCCTCTCAGGC,(((.((...)).)))...(((.((((..(((.(..((((((((...))).)))))..).))).))))..))),-22.799999237060547
sequence_251,AAATTGAGCAGCCGTACGGAGCGTTGGTGTCCCCTCGGTCGCCGGTAGTGCTAGTACGCGTGGCCGCAGTTC,.(((((.((.(((((((..((((((((((.((....)).))))))...)))).))))).)).))..))))).,-24.5
sequence_252,ACATGTCCGTTCCCCGTTGCCACACCTCAAGGTGAAGCTTGTGGCCGGGGCGTACGACTCTGGGGAGGGTGT,......((.((((((((((((...((.((((......)))).))....)))).))).....))))).))...,-24.399999618530273
sequence_253,GCGAGATGATCGCGGTCGTACACGATGCATCTACCGCCTTCTGGGGGTGGGGCTCACGAGTCGGTGTACCTC,((((.....))))....(((((((((((.((((((.((....)).))))))))......))).))))))...,-27.799999237060547
sequence_254,CCCGCAGGCCTCGCTCGGCGCAGCAGCGGACACACAGAGGCTGCGGGTGCTGAAGTCGTGTGGTTTTTATTT,.(((((.(.((...(((((((.(((((............)))))..))))))))).).))))).........,-27.899999618530273
sequence_255,ATACCGCTGTCCCCAACGCCGCTATGACGGTCGGGCTGATGGCTGGATGTTGTGCACATCGAGGGGGTCTGC,.....((.(.((((..((..((.((((((.((.((((...)))).))))))))))....))..)))).).)),-23.799999237060547
sequence_256,GGCAGATGGGTAGTTGTGGCCATCCCAGTCTGGTAGCTAATCGCCGGCCTAGACTATGGTGGGCTCGCCCCG,.......((((....(.(.(((((..((((((((.((.....))..))).)))))..))))).).)))))..,-24.5
sequence_257,TGTGCACGCGCACTTTGCCCTAGCTCTACAGATACTAGGGACGAGCGGGCGGTGTGTCTGGGGGCCACTGCT,.((((....))))((((((((((.((....))..)))))).))))..(((((((.(((....)))))))))),-26.899999618530273
sequence_258,CATCATTTGGCGCACCCGGCCCTTGTTTGGCTACCGCTGAACAGTTAGATCTGAGAGGGCGTGGGGGGCCCG,........(((.(.(((((((((((((((((....))))))))............))))).))))).)))..,-29.0
sequence_259,CTGATCGACGGTCTAGCGCCCAGCGCCGCTATTGCATGGTCGTGTGCCTCGTGGAGTCGTGGCATAGGAACG,..((((...))))..((((...)))).((....))....((.((((((.((......)).)))))).))...,-21.299999237060547
sequence_260,GCGCACAATGGCCGCGTGGAGCGGCCCACTCGCGTATGTGTGATCATTGGGGTTCCGTCCGTACACTGAGGT,((((.....((((((.....)))))).....))))..(((((.....(((....)))....)))))......,-24.700000762939453
sequence_261,CCCGGATCGCGGTGTGCCTTTGGGCGTTCAAGGGGGGCGTCGCCTCGGCTTTAATATCGGGCCAAAGCATCA,.(((.....))).((((.(((((((((((.....)))))))(((.(((........))))))))))))))..,-21.200000762939453
sequence_262,GAAGGGTGTGATCCGGCCTCGCATGCCGGCAGCACGGATGGGTCCTTCGATTCGACAGACTTGTTCGGCCGT,...(.((((((.......)))))).)((((....((((((((((..(((...)))..)))))))))))))).,-24.200000762939453
sequence_263,TTCTCACGCACTTGGACGCTCGGATGTTACGGCCTGCCGGAGTGGCTAGGAGGTTGTCCCAAGGAGCTCGCG,......(((.....((.((((((((...((..((((((.....))).)))..)).))))....))))))))),-19.399999618530273
sequence_264,TGGTGCGGCTCCAAAATCTACAGGCCGTGCGGGGCCTCTTGGAGTCTCGCTGGAGTCGTAGAGTTGCCACCG,.((((((((((.......(((.((((..(((((((((...)).)))))))..).)))))))))))).)))).,-27.0
sequence_265,ACGACTGACCTTTCGAGTGACACCGGAAGCGTGTCCCGTGAGCATGTCACGTCTTCGGCCGGTGCGTGGGGT,.......(((((.((.....((((((...((.....(((((.....)))))....)).)))))))).))))),-21.200000762939453
sequence_266,GTTTTTGCCGGGCCCTGGAACCCTACTGCCTGCTGTACGGTGCACAGGTAAAGGACGTGCCAGGTCCGGGGT,.....(.(((((((.(((.(((((..((((((.((((...)))))))))).)))..)).)))))))))).).,-30.5
sequence_267,TCTAGATGCCGGGTCACGCTCATCGGGCTTCGGGTCAGTGTGGCCCTACCGCGGAAGGCTAGTGACGCATTG,..........((((((((((.(((.(....).))).))))))))))....(((..(......)..)))....,-24.5
sequence_268,TCCACGCGGCGGGTCGCCCAATACGTTTCAATCGCCGTCCGGGTGGAGTTGGGGCGTTTAGCCCTTAGGAAG,(((((.((((((......................))).))).)))))...(((((.....))))).......,-27.100000381469727
sequence_269,CCTTTGCGTCAGGGGCTATTTGTATGAGGCTACTGGGCGGAAGTGGCCGCCCCGATAAGGTACCGCGGTCCC,((((...(((.(((((...........(((((((.......)))))))))))))))))))............,-23.0
sequence_270,AAGCTAGAGGGGACGTAGAGTGCGCGTTTTCGCGTCGTGGTGGTCACCCAACCAGTCCCCGCTCGTGTTCGG,..((.((.((((((.......(((((....)))))..((((((....)).)))))))))).)).))......,-24.399999618530273
sequence_271,TTTCGCTATTTCGATTTCGGGCAGAAACGGAGGTCACCGGGCCCTGCCCAGTACGTCGACGCGGGGGCGGTT,..(((((...(((((...((((((...(((......)))....)))))).....)))))......)))))..,-23.0
sequence_272,CAGTTGACCCATACCCCGTTGCGTGATTGCGCCGTTAGGCTAGGCTGCGCGAGCGCTGGATTACGCGGAGTG,................(.(((((((((((((((((..(((...)))..))).))))..)))))))))).)..,-24.200000762939453
sequence_273,CCGCCAGTGATCGCGGATCGCACAGCTGGGGCCGTGCGGTTTTCTTCCAGGCGTATGACTGCATAGCAGGGT,.((((.(.((..(.(((((((((.((....)).))))))))).).))).)))).....((((...))))...,-24.600000381469727
sequence_274,AGCCGAGGAAGTCGTATGACCCTTTGCGTTTGCGGCTCCAGTGGGCGCACGCCAATGACGTCGGGTCCGTTG,...(((.....)))...(((((..((((((.(((((.((....)).)).))).)))).))..))))).....,-22.100000381469727
sequence_275,GGGCGCCCGGCAAATAAATGGTCCGTTCTCGGTGCCAGGGTGGCGTAGTGCGGCCCACTGTGGTTTATCCCA,(((.((((((........(((((((....))).))))((((.((.....)).)))).))).)))....))).,-25.899999618530273
sequence_276,TGCGGAAAGCCTCGTTCTAGTCGGGTCCGAAATGGCTGGTTCCTCCGACGAGCGTTGCGACGCGTGGCGACT,.(((....((..(((((..((((((...(((........))).)))))))))))..))..))).........,-21.299999237060547
sequence_277,GCCGTCCGTAGCGCGGACAGCTCAGGTATGCCTTTCTTCGGGGCGGAACGCGTGACCGGTTCAGGTAATTCG,((.((((((...)))))).)).......(((((....((((.(((.....)))..))))...))))).....,-23.399999618530273
sequence_278,GTGGGGATCTAGTCACAATTTCTGTACGTAGGGAGGGGCTGTCGCACGTGCGGCCGCGGCTACCCTCCTACG,(((.(((.............))).)))(((((.((((((((((((....)))))...)))..))))))))).,-26.899999618530273
sequence_279,TGTCCGGCATCTCTCGTCACGAACCGGCGGTTAGAGATCAGCGGCGTGGAGGTGGCTCTTGCATGGCTACCG,..((((((((((((((((.......))))...)))))).....)).))))((((((.(......))))))).,-22.5
sequence_280,GCACTGGGACGCGTCCCCCCTCATCATGTGTGGGGGAAGTCCTGATAGCCCTCGTGCGTTGGAGTGGTAGAC,.....(((((...((((((..(((...))).)))))).)))))....((((((........))).)))....,-26.200000762939453
sequence_281,TGCGTCTGCGAAGTGACCGCTGGCGTGGGTACGATCTGGGTAAGCGTCCTTACGCAGTCGCCAACTCTGGGC,.(((.((((((((.(((.(((.((.(((((...))))).)).))))))))).))))).)))...........,-27.799999237060547
sequence_282,TGTAGCGGGGGTCTAGTAGCGGGGCTGGGGACCCGCAGGTCCTATAGACTTCTCTGAAAGTCGTCGCCCCCT,......((((((((..(((.(((((((((((((....)))))).))).)))).)))..)).....)))))).,-27.299999237060547
sequence_283,GCACGTGTCTGGCGCTTCCCAGGGGGGACGACCAGCCCTCCTAGCTACTTGGAAGTGTGTATGCGCTGGATG,.((.((((...((((((((((((((((.(.....)))))))).)......))))))))....))))))....,-25.899999618530273
sequence_284,GGCGGAGTAGGTTCGACATCCGCGGCATTCTGCCACTTGGACGGGCGGACACTTGATTCTATGCCGTCGGGC,(((((.(((((.((((..(((((((((...))))..........)))))...)))).))))).)))))....,-26.100000381469727
sequence_285,AGTGCACGTTGTGAACGGGTCTATGCTGCCCCCTGCGGGAGCGCCCTCGAGTGTACGGGCGTTCTAAACGGT,.((.(((...))).))((((.......))))((....(((((((((..........)))))))))....)).,-22.5
sequence_286,CGTGCAAATTAAGGCGCGGCTATCTCACTCTCGCTGGCCCACATAGGGGGGTTAGGCCGGCTCGTGGGTGTC,(((((........))))).......(((((..(((((((.((........))..)))))))....)))))..,-24.899999618530273
sequence_287,ACGGGTGCGACCCCGCTCCGTCCACGTCGGGGTTTCGAATGAAGAGGTTGGGCAGTGAGCCCTACTCTGTGT,.....((.(((((((...((....)).))))))).)).....((((...((((.....))))..))))....,-23.799999237060547
sequence_288,TAGGACATTAAGTTAGGGTCACGTCTGGCCAATGAGCCCCGTGAGCGCGCCCGCGCTTCCGGTTGCGGTTGG,...........((((((......))))))((((..((.(((.((((((....)))))).)))..)).)))).,-22.399999618530273
sequence_289,TCCCCCCAACGTCCTCGGGTGACGGGAGATGAGGGTCGTTCTGACGTTCTGGACATCTGCAGTTCAGGGGCG,...((((...(((((((.....)))).)))(((.(((.....))).)))(((((.......)))))))))..,-21.899999618530273
sequence_290,CCGGGATAGGGCGCCAGGGTCACGGCTGCGGTGAACATCGTCTTGCGGACGATTTCCTGTGGTCCATCCGTA,...((((.((((..(((((...((.((((((.((......)))))))).))...)))))..))))))))...,-27.0
sequence_291,CGGTTCGTCCGCACAGGGTGGGTGTCCGCTATACGCTAGAGTATACGTTGTGGACCCCCGGCGGGCTGCTAA,.(((..((((((......((((.(((((((((((......)))))....)))))).)))))))))).)))..,-28.799999237060547
sequence_292,GCGGACGCGGTTGACGACCTTTGCCGTGGATCTCTGTAGAGCGCGTCCGACAGGGCACCTGTTGGACTCAGT,(((((((((((...........))))))....))))).....(.((((((((((...)))))))))).)...,-27.299999237060547
sequence_293,TGTCCCGCAACAGGCTTGGCTTTCGGGGCATGGCTAGCTGGGCTCTACGGAGCTGTGCCTGAACGGGATACC,(((((((...(((((..((((((.(((((..((....))..)))))..))))))..)))))..)))))))..,-32.29999923706055
sequence_294,CATACCCGTAAAGGCTGTGGCCTTTGGGCTACTATGCGCCGGCGGAATCGCGTAGCGCGCTGCTCGGAGTTG,...(((((....(((.((((((....))))))...((((..(((......))).)))))))...))).))..,-25.0
sequence_295,AGCGAGTCTCGACGTGCAATGGAGCCAGGTGGTGCTTGCACTGTACCTGCTCTCAGGGTGCTGCGCCCGTAG,.(((.((....)).)))...(((((.((((((((....))))..)))))))))..(((((...)))))....,-23.799999237060547
sequence_296,TAGAGCTGGGGGTCTGTAGGTCCGTCCAACGCGCGCCGTGTTGTCTCGCAGCGGCGAAACGTTCCGCATGAT,....((((.(((.(....(((.(((.....))).))).....).))).)))).(((........))).....,-21.100000381469727
sequence_297,GGAACTAGTCTCGAGTTGGGTGAAGGCGTCCCTGGTGCACGGCTGTAGCGTCGGCCTGACCTGTCACTACGC,.....((((..((.(((((((..(.((....(((.....))).....)).)..))))))).))..))))...,-18.100000381469727
sequence_298,CCATCACGGCCTGGTGACTCGTTCTGGGCCTTATCTAGGCCGACGGGTATGTGGGTACAACGGCGGCAGGCT,.......((((((.(.(((((((...(((((.....))))))))))))..((.(......).))).)))))),-26.299999237060547
sequence_299,GGAACAGTGCGCCTCGGCCGGTCCGATAACGGGTCGGCCCTACGCTGAGTTCGAATGTTCTCGAGGCTTTGG,..........(((((((((((((((....)))))))))).......(((..(....)..)))))))).....,-26.299999237060547
